objectid,election_name,election_date,ward,total_votes,registered_voters_as_of,registered_voters,turnout
1,2024 Special,2024/09/17,08,281,2024/11/05,2095,0.134
2,2024 Special,2024/09/17,10,480,2024/11/05,5472,0.088
3,2024 Special,2024/09/17,12,672,2024/11/05,10900,0.062
4,2024 Special,2024/09/17,15,1434,2024/11/05,12029,0.119
5,2024 Special,2024/09/17,16,294,2024/11/05,8194,0.036
6,2024 Special,2024/09/17,17,1104,2024/11/05,16113,0.069
7,2024 Special,2024/09/17,28,147,2024/11/05,1942,0.076
8,2024 Special,2024/09/17,29,589,2024/11/05,9753,0.06
9,2024 Special,2024/09/17,32,690,2024/11/05,15481,0.045
10,2024 Special,2024/09/17,59,1188,2024/11/05,15964,0.074
11,2024 Primary,2024/04/23,01,3570,2024/04/23,13193,0.271
12,2024 Primary,2024/04/23,02,5800,2024/04/23,20783,0.279
13,2024 Primary,2024/04/23,03,2633,2024/04/23,13326,0.198
14,2024 Primary,2024/04/23,04,2360,2024/04/23,13242,0.178
15,2024 Primary,2024/04/23,05,8095,2024/04/23,38015,0.213
16,2024 Primary,2024/04/23,06,1821,2024/04/23,9686,0.188
17,2024 Primary,2024/04/23,07,731,2024/04/23,12343,0.059
18,2024 Primary,2024/04/23,08,8822,2024/04/23,35344,0.25
19,2024 Primary,2024/04/23,09,4840,2024/04/23,12407,0.39
20,2024 Primary,2024/04/23,10,4027,2024/04/23,16908,0.238
21,2024 Primary,2024/04/23,11,1461,2024/04/23,9310,0.157
22,2024 Primary,2024/04/23,12,2804,2024/04/23,15185,0.185
23,2024 Primary,2024/04/23,13,2358,2024/04/23,13464,0.175
24,2024 Primary,2024/04/23,14,1101,2024/04/23,6699,0.164
25,2024 Primary,2024/04/23,15,4747,2024/04/23,14907,0.318
26,2024 Primary,2024/04/23,16,911,2024/04/23,7521,0.121
27,2024 Primary,2024/04/23,17,3057,2024/04/23,15268,0.2
28,2024 Primary,2024/04/23,18,3039,2024/04/23,15846,0.192
29,2024 Primary,2024/04/23,19,829,2024/04/23,8886,0.093
30,2024 Primary,2024/04/23,20,944,2024/04/23,7550,0.125
31,2024 Primary,2024/04/23,21,8437,2024/04/23,35589,0.237
32,2024 Primary,2024/04/23,22,5928,2024/04/23,17330,0.342
33,2024 Primary,2024/04/23,23,1680,2024/04/23,14248,0.118
34,2024 Primary,2024/04/23,24,1997,2024/04/23,11738,0.17
35,2024 Primary,2024/04/23,25,1411,2024/04/23,13057,0.108
36,2024 Primary,2024/04/23,26,2747,2024/04/23,13679,0.201
37,2024 Primary,2024/04/23,27,2542,2024/04/23,19402,0.131
38,2024 Primary,2024/04/23,28,1164,2024/04/23,7762,0.15
39,2024 Primary,2024/04/23,29,1720,2024/04/23,8714,0.197
40,2024 Primary,2024/04/23,30,3946,2024/04/23,15718,0.251
41,2024 Primary,2024/04/23,31,2791,2024/04/23,13439,0.208
42,2024 Primary,2024/04/23,32,1860,2024/04/23,13564,0.137
43,2024 Primary,2024/04/23,33,921,2024/04/23,13340,0.069
44,2024 Primary,2024/04/23,34,5457,2024/04/23,25428,0.215
45,2024 Primary,2024/04/23,35,2545,2024/04/23,18474,0.138
46,2024 Primary,2024/04/23,36,4898,2024/04/23,23826,0.206
47,2024 Primary,2024/04/23,37,1089,2024/04/23,9018,0.121
48,2024 Primary,2024/04/23,38,3014,2024/04/23,12978,0.232
49,2024 Primary,2024/04/23,39,5046,2024/04/23,26116,0.193
50,2024 Primary,2024/04/23,40,4210,2024/04/23,28606,0.147
51,2024 Primary,2024/04/23,41,1384,2024/04/23,12570,0.11
52,2024 Primary,2024/04/23,42,1720,2024/04/23,16211,0.106
53,2024 Primary,2024/04/23,43,1193,2024/04/23,12715,0.094
54,2024 Primary,2024/04/23,44,1703,2024/04/23,9539,0.179
55,2024 Primary,2024/04/23,45,1855,2024/04/23,14611,0.127
56,2024 Primary,2024/04/23,46,4349,2024/04/23,15899,0.274
57,2024 Primary,2024/04/23,47,920,2024/04/23,7201,0.128
58,2024 Primary,2024/04/23,48,2287,2024/04/23,12822,0.178
59,2024 Primary,2024/04/23,49,2712,2024/04/23,15747,0.172
60,2024 Primary,2024/04/23,50,5887,2024/04/23,18867,0.312
61,2024 Primary,2024/04/23,51,2695,2024/04/23,14784,0.182
62,2024 Primary,2024/04/23,52,4539,2024/04/23,17322,0.262
63,2024 Primary,2024/04/23,53,1888,2024/04/23,12601,0.15
64,2024 Primary,2024/04/23,54,1033,2024/04/23,9124,0.113
65,2024 Primary,2024/04/23,55,1534,2024/04/23,12914,0.119
66,2024 Primary,2024/04/23,56,3750,2024/04/23,21063,0.178
67,2024 Primary,2024/04/23,57,3186,2024/04/23,16675,0.191
68,2024 Primary,2024/04/23,58,5770,2024/04/23,27963,0.206
69,2024 Primary,2024/04/23,59,3280,2024/04/23,15098,0.217
70,2024 Primary,2024/04/23,60,2791,2024/04/23,12912,0.216
71,2024 Primary,2024/04/23,61,3125,2024/04/23,17350,0.18
72,2024 Primary,2024/04/23,62,1669,2024/04/23,15749,0.106
73,2024 Primary,2024/04/23,63,4502,2024/04/23,15266,0.295
74,2024 Primary,2024/04/23,64,1447,2024/04/23,8691,0.166
75,2024 Primary,2024/04/23,65,2760,2024/04/23,14106,0.196
76,2024 Primary,2024/04/23,66,5540,2024/04/23,27933,0.198
77,2024 General,2024/11/05,01,10111,2024/11/05,13914,0.727
78,2024 General,2024/11/05,02,16213,2024/11/05,22161,0.732
79,2024 General,2024/11/05,03,9081,2024/11/05,14276,0.636
80,2024 General,2024/11/05,04,8572,2024/11/05,14408,0.595
81,2024 General,2024/11/05,05,26818,2024/11/05,42363,0.633
82,2024 General,2024/11/05,06,6272,2024/11/05,10653,0.589
83,2024 General,2024/11/05,07,6054,2024/11/05,13051,0.464
84,2024 General,2024/11/05,08,26678,2024/11/05,40151,0.664
85,2024 General,2024/11/05,09,10478,2024/11/05,12886,0.813
86,2024 General,2024/11/05,10,12173,2024/11/05,17634,0.69
87,2024 General,2024/11/05,11,5287,2024/11/05,10072,0.525
88,2024 General,2024/11/05,12,9850,2024/11/05,16099,0.612
89,2024 General,2024/11/05,13,8458,2024/11/05,14426,0.586
90,2024 General,2024/11/05,14,4735,2024/11/05,7556,0.627
91,2024 General,2024/11/05,15,11996,2024/11/05,15869,0.756
92,2024 General,2024/11/05,16,4356,2024/11/05,8194,0.532
93,2024 General,2024/11/05,17,10138,2024/11/05,16113,0.629
94,2024 General,2024/11/05,18,12201,2024/11/05,17487,0.698
95,2024 General,2024/11/05,19,4900,2024/11/05,9516,0.515
96,2024 General,2024/11/05,20,5052,2024/11/05,9552,0.529
97,2024 General,2024/11/05,21,28692,2024/11/05,37856,0.758
98,2024 General,2024/11/05,22,13948,2024/11/05,18025,0.774
99,2024 General,2024/11/05,23,8318,2024/11/05,15415,0.54
100,2024 General,2024/11/05,24,7789,2024/11/05,13770,0.566
101,2024 General,2024/11/05,25,7531,2024/11/05,14256,0.528
102,2024 General,2024/11/05,26,11063,2024/11/05,14513,0.762
103,2024 General,2024/11/05,27,12425,2024/11/05,23808,0.522
104,2024 General,2024/11/05,28,4757,2024/11/05,8394,0.567
105,2024 General,2024/11/05,29,6494,2024/11/05,9753,0.666
106,2024 General,2024/11/05,30,11846,2024/11/05,16993,0.697
107,2024 General,2024/11/05,31,10293,2024/11/05,14844,0.693
108,2024 General,2024/11/05,32,8464,2024/11/05,15481,0.547
109,2024 General,2024/11/05,33,7481,2024/11/05,14303,0.523
110,2024 General,2024/11/05,34,18504,2024/11/05,27055,0.684
111,2024 General,2024/11/05,35,12205,2024/11/05,19402,0.629
112,2024 General,2024/11/05,36,17232,2024/11/05,25672,0.671
113,2024 General,2024/11/05,37,5103,2024/11/05,9993,0.511
114,2024 General,2024/11/05,38,9283,2024/11/05,13906,0.668
115,2024 General,2024/11/05,39,19126,2024/11/05,27530,0.695
116,2024 General,2024/11/05,40,18839,2024/11/05,30631,0.615
117,2024 General,2024/11/05,41,7813,2024/11/05,13299,0.587
118,2024 General,2024/11/05,42,9802,2024/11/05,17180,0.571
119,2024 General,2024/11/05,43,6876,2024/11/05,13526,0.508
120,2024 General,2024/11/05,44,5935,2024/11/05,10431,0.569
121,2024 General,2024/11/05,45,9631,2024/11/05,15763,0.611
122,2024 General,2024/11/05,46,11467,2024/11/05,17072,0.672
123,2024 General,2024/11/05,47,4606,2024/11/05,8584,0.537
124,2024 General,2024/11/05,48,8857,2024/11/05,13630,0.65
125,2024 General,2024/11/05,49,10119,2024/11/05,16576,0.61
126,2024 General,2024/11/05,50,14664,2024/11/05,19599,0.748
127,2024 General,2024/11/05,51,9847,2024/11/05,15833,0.622
128,2024 General,2024/11/05,52,12781,2024/11/05,18609,0.687
129,2024 General,2024/11/05,53,8925,2024/11/05,13369,0.668
130,2024 General,2024/11/05,54,5712,2024/11/05,9562,0.597
131,2024 General,2024/11/05,55,8346,2024/11/05,13554,0.616
132,2024 General,2024/11/05,56,14944,2024/11/05,22126,0.675
133,2024 General,2024/11/05,57,12844,2024/11/05,17591,0.73
134,2024 General,2024/11/05,58,21722,2024/11/05,29205,0.744
135,2024 General,2024/11/05,59,10345,2024/11/05,15964,0.648
136,2024 General,2024/11/05,60,8684,2024/11/05,14110,0.615
137,2024 General,2024/11/05,61,11919,2024/11/05,18161,0.656
138,2024 General,2024/11/05,62,9679,2024/11/05,16709,0.579
139,2024 General,2024/11/05,63,12481,2024/11/05,15919,0.784
140,2024 General,2024/11/05,64,5994,2024/11/05,9102,0.659
141,2024 General,2024/11/05,65,10135,2024/11/05,14729,0.688
142,2024 General,2024/11/05,66,22168,2024/11/05,29162,0.76
143,2023 Primary,2023/05/16,01,5173,2023/05/16,13040,0.397
144,2023 Primary,2023/05/16,02,8502,2023/05/16,20384,0.417
145,2023 Primary,2023/05/16,03,3584,2023/05/16,13187,0.272
146,2023 Primary,2023/05/16,04,3272,2023/05/16,13164,0.249
147,2023 Primary,2023/05/16,05,11153,2023/05/16,36973,0.302
148,2023 Primary,2023/05/16,06,2362,2023/05/16,9577,0.247
149,2023 Primary,2023/05/16,07,1311,2023/05/16,12348,0.106
150,2023 Primary,2023/05/16,08,11743,2023/05/16,34462,0.341
151,2023 Primary,2023/05/16,09,6351,2023/05/16,12349,0.514
152,2023 Primary,2023/05/16,10,5874,2023/05/16,16900,0.348
153,2023 Primary,2023/05/16,11,2026,2023/05/16,9194,0.22
154,2023 Primary,2023/05/16,12,4164,2023/05/16,14918,0.279
155,2023 Primary,2023/05/16,13,3398,2023/05/16,13382,0.254
156,2023 Primary,2023/05/16,14,1703,2023/05/16,6598,0.258
157,2023 Primary,2023/05/16,15,6445,2023/05/16,14616,0.441
158,2023 Primary,2023/05/16,16,1440,2023/05/16,7500,0.192
159,2023 Primary,2023/05/16,17,4428,2023/05/16,15149,0.292
160,2023 Primary,2023/05/16,18,4714,2023/05/16,15173,0.311
161,2023 Primary,2023/05/16,19,1264,2023/05/16,8796,0.144
162,2023 Primary,2023/05/16,20,1164,2023/05/16,7070,0.165
163,2023 Primary,2023/05/16,21,11606,2023/05/16,34984,0.332
164,2023 Primary,2023/05/16,22,8056,2023/05/16,17104,0.471
165,2023 Primary,2023/05/16,23,2467,2023/05/16,14170,0.174
166,2023 Primary,2023/05/16,24,2276,2023/05/16,11225,0.203
167,2023 Primary,2023/05/16,25,2165,2023/05/16,12681,0.171
168,2023 Primary,2023/05/16,26,4293,2023/05/16,13570,0.316
169,2023 Primary,2023/05/16,27,2799,2023/05/16,18354,0.153
170,2023 Primary,2023/05/16,28,1736,2023/05/16,7743,0.224
171,2023 Primary,2023/05/16,29,2597,2023/05/16,8449,0.307
172,2023 Primary,2023/05/16,30,5749,2023/05/16,15425,0.373
173,2023 Primary,2023/05/16,31,4139,2023/05/16,12973,0.319
174,2023 Primary,2023/05/16,32,2662,2023/05/16,13220,0.201
175,2023 Primary,2023/05/16,33,1466,2023/05/16,13102,0.112
176,2023 Primary,2023/05/16,34,8043,2023/05/16,25184,0.319
177,2023 Primary,2023/05/16,35,3752,2023/05/16,18573,0.202
178,2023 Primary,2023/05/16,36,7328,2023/05/16,23333,0.314
179,2023 Primary,2023/05/16,37,1578,2023/05/16,8943,0.176
180,2023 Primary,2023/05/16,38,4130,2023/05/16,12916,0.32
181,2023 Primary,2023/05/16,39,7900,2023/05/16,26022,0.304
182,2023 Primary,2023/05/16,40,6508,2023/05/16,28484,0.228
183,2023 Primary,2023/05/16,41,2029,2023/05/16,12523,0.162
184,2023 Primary,2023/05/16,42,2549,2023/05/16,16150,0.158
185,2023 Primary,2023/05/16,43,1959,2023/05/16,12735,0.154
186,2023 Primary,2023/05/16,44,2257,2023/05/16,9412,0.24
187,2023 Primary,2023/05/16,45,2932,2023/05/16,14412,0.203
188,2023 Primary,2023/05/16,46,5987,2023/05/16,15599,0.384
189,2023 Primary,2023/05/16,47,1243,2023/05/16,6841,0.182
190,2023 Primary,2023/05/16,48,3375,2023/05/16,12795,0.264
191,2023 Primary,2023/05/16,49,4014,2023/05/16,15656,0.256
192,2023 Primary,2023/05/16,50,8094,2023/05/16,18777,0.431
193,2023 Primary,2023/05/16,51,3903,2023/05/16,14795,0.264
194,2023 Primary,2023/05/16,52,6229,2023/05/16,17235,0.361
195,2023 Primary,2023/05/16,53,2616,2023/05/16,12542,0.209
196,2023 Primary,2023/05/16,54,1441,2023/05/16,9147,0.158
197,2023 Primary,2023/05/16,55,2336,2023/05/16,12998,0.18
198,2023 Primary,2023/05/16,56,4688,2023/05/16,21183,0.221
199,2023 Primary,2023/05/16,57,4429,2023/05/16,16687,0.265
200,2023 Primary,2023/05/16,58,6723,2023/05/16,28173,0.239
201,2023 Primary,2023/05/16,59,4768,2023/05/16,14855,0.321
202,2023 Primary,2023/05/16,60,3643,2023/05/16,12710,0.287
203,2023 Primary,2023/05/16,61,4689,2023/05/16,17285,0.271
204,2023 Primary,2023/05/16,62,2502,2023/05/16,15584,0.161
205,2023 Primary,2023/05/16,63,4797,2023/05/16,15218,0.315
206,2023 Primary,2023/05/16,64,1981,2023/05/16,8714,0.227
207,2023 Primary,2023/05/16,65,3806,2023/05/16,14160,0.269
208,2023 Primary,2023/05/16,66,7452,2023/05/16,27766,0.268
209,2023 General,2023/11/07,01,5446,2023/11/07,13137,0.415
210,2023 General,2023/11/07,02,8943,2023/11/07,20641,0.433
211,2023 General,2023/11/07,03,4113,2023/11/07,13325,0.309
212,2023 General,2023/11/07,04,3602,2023/11/07,13207,0.273
213,2023 General,2023/11/07,05,12581,2023/11/07,37477,0.336
214,2023 General,2023/11/07,06,2543,2023/11/07,9631,0.264
215,2023 General,2023/11/07,07,1528,2023/11/07,12391,0.123
216,2023 General,2023/11/07,08,12915,2023/11/07,34873,0.37
217,2023 General,2023/11/07,09,6720,2023/11/07,12399,0.542
218,2023 General,2023/11/07,10,6360,2023/11/07,16954,0.375
219,2023 General,2023/11/07,11,2176,2023/11/07,9302,0.234
220,2023 General,2023/11/07,12,4441,2023/11/07,15187,0.292
221,2023 General,2023/11/07,13,3780,2023/11/07,13492,0.28
222,2023 General,2023/11/07,14,1875,2023/11/07,6626,0.283
223,2023 General,2023/11/07,15,6844,2023/11/07,14757,0.464
224,2023 General,2023/11/07,16,1572,2023/11/07,7531,0.209
225,2023 General,2023/11/07,17,4860,2023/11/07,15240,0.319
226,2023 General,2023/11/07,18,5231,2023/11/07,15531,0.337
227,2023 General,2023/11/07,19,1399,2023/11/07,8857,0.158
228,2023 General,2023/11/07,20,1550,2023/11/07,7491,0.207
229,2023 General,2023/11/07,21,13994,2023/11/07,35229,0.397
230,2023 General,2023/11/07,22,8571,2023/11/07,17186,0.499
231,2023 General,2023/11/07,23,2830,2023/11/07,14210,0.199
232,2023 General,2023/11/07,24,2687,2023/11/07,11677,0.23
233,2023 General,2023/11/07,25,2654,2023/11/07,13008,0.204
234,2023 General,2023/11/07,26,5352,2023/11/07,13631,0.393
235,2023 General,2023/11/07,27,3991,2023/11/07,19112,0.209
236,2023 General,2023/11/07,28,1905,2023/11/07,7769,0.245
237,2023 General,2023/11/07,29,2775,2023/11/07,8560,0.324
238,2023 General,2023/11/07,30,6172,2023/11/07,15617,0.395
239,2023 General,2023/11/07,31,4524,2023/11/07,13211,0.342
240,2023 General,2023/11/07,32,2929,2023/11/07,13495,0.217
241,2023 General,2023/11/07,33,1819,2023/11/07,13272,0.137
242,2023 General,2023/11/07,34,8836,2023/11/07,25363,0.348
243,2023 General,2023/11/07,35,4537,2023/11/07,18546,0.245
244,2023 General,2023/11/07,36,7981,2023/11/07,23704,0.337
245,2023 General,2023/11/07,37,1762,2023/11/07,8947,0.197
246,2023 General,2023/11/07,38,4562,2023/11/07,12944,0.352
247,2023 General,2023/11/07,39,8884,2023/11/07,26073,0.341
248,2023 General,2023/11/07,40,7334,2023/11/07,28589,0.257
249,2023 General,2023/11/07,41,2577,2023/11/07,12525,0.206
250,2023 General,2023/11/07,42,3116,2023/11/07,16178,0.193
251,2023 General,2023/11/07,43,2194,2023/11/07,12738,0.172
252,2023 General,2023/11/07,44,2517,2023/11/07,9535,0.264
253,2023 General,2023/11/07,45,3668,2023/11/07,14513,0.253
254,2023 General,2023/11/07,46,6224,2023/11/07,15763,0.395
255,2023 General,2023/11/07,47,1451,2023/11/07,7077,0.205
256,2023 General,2023/11/07,48,3675,2023/11/07,12784,0.287
257,2023 General,2023/11/07,49,4394,2023/11/07,15771,0.279
258,2023 General,2023/11/07,50,8672,2023/11/07,18804,0.461
259,2023 General,2023/11/07,51,4324,2023/11/07,14867,0.291
260,2023 General,2023/11/07,52,6638,2023/11/07,17266,0.384
261,2023 General,2023/11/07,53,3260,2023/11/07,12559,0.26
262,2023 General,2023/11/07,54,1796,2023/11/07,9108,0.197
263,2023 General,2023/11/07,55,2979,2023/11/07,12975,0.23
264,2023 General,2023/11/07,56,6014,2023/11/07,21077,0.285
265,2023 General,2023/11/07,57,5809,2023/11/07,16694,0.348
266,2023 General,2023/11/07,58,9548,2023/11/07,28012,0.341
267,2023 General,2023/11/07,59,5171,2023/11/07,15058,0.343
268,2023 General,2023/11/07,60,3927,2023/11/07,12883,0.305
269,2023 General,2023/11/07,61,5404,2023/11/07,17354,0.311
270,2023 General,2023/11/07,62,3070,2023/11/07,15748,0.195
271,2023 General,2023/11/07,63,6272,2023/11/07,15256,0.411
272,2023 General,2023/11/07,64,2537,2023/11/07,8649,0.293
273,2023 General,2023/11/07,65,4710,2023/11/07,14102,0.334
274,2023 General,2023/11/07,66,10136,2023/11/07,27833,0.364
275,2022 Primary,2022/05/17,01,4933,2022/05/13,13293,0.371
276,2022 Primary,2022/05/17,02,7400,2022/05/13,20626,0.359
277,2022 Primary,2022/05/17,03,3066,2022/05/13,13433,0.228
278,2022 Primary,2022/05/17,04,2617,2022/05/13,13450,0.195
279,2022 Primary,2022/05/17,05,9862,2022/05/13,37119,0.266
280,2022 Primary,2022/05/17,06,1987,2022/05/13,10054,0.198
281,2022 Primary,2022/05/17,07,820,2022/05/13,13057,0.063
282,2022 Primary,2022/05/17,08,10350,2022/05/13,34524,0.3
283,2022 Primary,2022/05/17,09,5961,2022/05/13,12595,0.473
284,2022 Primary,2022/05/17,10,4876,2022/05/13,17280,0.282
285,2022 Primary,2022/05/17,11,1686,2022/05/13,9510,0.177
286,2022 Primary,2022/05/17,12,3398,2022/05/13,15358,0.221
287,2022 Primary,2022/05/17,13,2777,2022/05/13,13744,0.202
288,2022 Primary,2022/05/17,14,1427,2022/05/13,6514,0.219
289,2022 Primary,2022/05/17,15,5559,2022/05/13,14482,0.384
290,2022 Primary,2022/05/17,16,1137,2022/05/13,7838,0.145
291,2022 Primary,2022/05/17,17,3666,2022/05/13,15504,0.236
292,2022 Primary,2022/05/17,18,3916,2022/05/13,14973,0.262
293,2022 Primary,2022/05/17,19,827,2022/05/13,9186,0.09
294,2022 Primary,2022/05/17,20,930,2022/05/13,7005,0.133
295,2022 Primary,2022/05/17,21,11192,2022/05/13,35175,0.318
296,2022 Primary,2022/05/17,22,7095,2022/05/13,17450,0.407
297,2022 Primary,2022/05/17,23,1959,2022/05/13,14672,0.134
298,2022 Primary,2022/05/17,24,1960,2022/05/13,11212,0.175
299,2022 Primary,2022/05/17,25,1877,2022/05/13,12761,0.147
300,2022 Primary,2022/05/17,26,3903,2022/05/13,13605,0.287
301,2022 Primary,2022/05/17,27,2421,2022/05/13,19483,0.124
302,2022 Primary,2022/05/17,28,1416,2022/05/13,8011,0.177
303,2022 Primary,2022/05/17,29,2079,2022/05/13,8403,0.247
304,2022 Primary,2022/05/17,30,4915,2022/05/13,15181,0.324
305,2022 Primary,2022/05/17,31,3584,2022/05/13,12862,0.279
306,2022 Primary,2022/05/17,32,2124,2022/05/13,13677,0.155
307,2022 Primary,2022/05/17,33,1095,2022/05/13,13665,0.08
308,2022 Primary,2022/05/17,34,6365,2022/05/13,25765,0.247
309,2022 Primary,2022/05/17,35,3103,2022/05/13,19080,0.163
310,2022 Primary,2022/05/17,36,6118,2022/05/13,23535,0.26
311,2022 Primary,2022/05/17,37,1212,2022/05/13,9501,0.128
312,2022 Primary,2022/05/17,38,3701,2022/05/13,13243,0.279
313,2022 Primary,2022/05/17,39,7337,2022/05/13,26521,0.277
314,2022 Primary,2022/05/17,40,5176,2022/05/13,29051,0.178
315,2022 Primary,2022/05/17,41,1834,2022/05/13,12898,0.142
316,2022 Primary,2022/05/17,42,1834,2022/05/13,16724,0.11
317,2022 Primary,2022/05/17,43,1579,2022/05/13,13358,0.118
318,2022 Primary,2022/05/17,44,1887,2022/05/13,9695,0.195
319,2022 Primary,2022/05/17,45,2913,2022/05/13,14808,0.197
320,2022 Primary,2022/05/17,46,5212,2022/05/13,15940,0.327
321,2022 Primary,2022/05/17,47,984,2022/05/13,6823,0.144
322,2022 Primary,2022/05/17,48,2872,2022/05/13,13113,0.219
323,2022 Primary,2022/05/17,49,3146,2022/05/13,16055,0.196
324,2022 Primary,2022/05/17,50,6828,2022/05/13,19239,0.355
325,2022 Primary,2022/05/17,51,3297,2022/05/13,15178,0.217
326,2022 Primary,2022/05/17,52,5132,2022/05/13,17818,0.288
327,2022 Primary,2022/05/17,53,2381,2022/05/13,12975,0.184
328,2022 Primary,2022/05/17,54,1311,2022/05/13,9684,0.135
329,2022 Primary,2022/05/17,55,2226,2022/05/13,13832,0.161
330,2022 Primary,2022/05/17,56,4661,2022/05/13,22104,0.211
331,2022 Primary,2022/05/17,57,4496,2022/05/13,17144,0.262
332,2022 Primary,2022/05/17,58,7496,2022/05/13,28939,0.259
333,2022 Primary,2022/05/17,59,3983,2022/05/13,15332,0.26
334,2022 Primary,2022/05/17,60,3152,2022/05/13,13115,0.24
335,2022 Primary,2022/05/17,61,3751,2022/05/13,17754,0.211
336,2022 Primary,2022/05/17,62,1998,2022/05/13,16128,0.124
337,2022 Primary,2022/05/17,63,4796,2022/05/13,15520,0.309
338,2022 Primary,2022/05/17,64,1979,2022/05/13,9193,0.215
339,2022 Primary,2022/05/17,65,3772,2022/05/13,14673,0.257
340,2022 Primary,2022/05/17,66,7959,2022/05/13,28350,0.281
341,2022 General,2022/11/08,01,8131,2022/11/08,13589,0.598
342,2022 General,2022/11/08,02,13322,2022/11/08,21152,0.63
343,2022 General,2022/11/08,03,6257,2022/11/08,13730,0.456
344,2022 General,2022/11/08,04,5736,2022/11/08,13794,0.416
345,2022 General,2022/11/08,05,20241,2022/11/08,39037,0.519
346,2022 General,2022/11/08,06,4143,2022/11/08,10225,0.405
347,2022 General,2022/11/08,07,3135,2022/11/08,13234,0.237
348,2022 General,2022/11/08,08,20364,2022/11/08,36766,0.554
349,2022 General,2022/11/08,09,9194,2022/11/08,12838,0.716
350,2022 General,2022/11/08,10,8947,2022/11/08,17450,0.513
351,2022 General,2022/11/08,11,3534,2022/11/08,9797,0.361
352,2022 General,2022/11/08,12,6584,2022/11/08,15547,0.423
353,2022 General,2022/11/08,13,5695,2022/11/08,13956,0.408
354,2022 General,2022/11/08,14,3208,2022/11/08,6838,0.469
355,2022 General,2022/11/08,15,9915,2022/11/08,15062,0.658
356,2022 General,2022/11/08,16,2612,2022/11/08,7942,0.329
357,2022 General,2022/11/08,17,7062,2022/11/08,15731,0.449
358,2022 General,2022/11/08,18,8614,2022/11/08,15611,0.552
359,2022 General,2022/11/08,19,2656,2022/11/08,9302,0.286
360,2022 General,2022/11/08,20,2661,2022/11/08,7512,0.354
361,2022 General,2022/11/08,21,22196,2022/11/08,36177,0.614
362,2022 General,2022/11/08,22,11192,2022/11/08,17707,0.632
363,2022 General,2022/11/08,23,4951,2022/11/08,14883,0.333
364,2022 General,2022/11/08,24,4574,2022/11/08,11938,0.383
365,2022 General,2022/11/08,25,4533,2022/11/08,13219,0.343
366,2022 General,2022/11/08,26,7929,2022/11/08,13889,0.571
367,2022 General,2022/11/08,27,7191,2022/11/08,21073,0.341
368,2022 General,2022/11/08,28,3024,2022/11/08,8085,0.374
369,2022 General,2022/11/08,29,4538,2022/11/08,8783,0.517
370,2022 General,2022/11/08,30,9739,2022/11/08,16010,0.608
371,2022 General,2022/11/08,31,7441,2022/11/08,13444,0.553
372,2022 General,2022/11/08,32,5020,2022/11/08,14022,0.358
373,2022 General,2022/11/08,33,3706,2022/11/08,13773,0.269
374,2022 General,2022/11/08,34,13010,2022/11/08,26109,0.498
375,2022 General,2022/11/08,35,7869,2022/11/08,19259,0.409
376,2022 General,2022/11/08,36,12601,2022/11/08,24105,0.523
377,2022 General,2022/11/08,37,3011,2022/11/08,9559,0.315
378,2022 General,2022/11/08,38,6970,2022/11/08,13489,0.517
379,2022 General,2022/11/08,39,13883,2022/11/08,26887,0.516
380,2022 General,2022/11/08,40,12227,2022/11/08,29589,0.413
381,2022 General,2022/11/08,41,4719,2022/11/08,13025,0.362
382,2022 General,2022/11/08,42,5478,2022/11/08,16810,0.326
383,2022 General,2022/11/08,43,3998,2022/11/08,13463,0.297
384,2022 General,2022/11/08,44,3875,2022/11/08,9989,0.388
385,2022 General,2022/11/08,45,6078,2022/11/08,14929,0.407
386,2022 General,2022/11/08,46,8962,2022/11/08,16450,0.545
387,2022 General,2022/11/08,47,2646,2022/11/08,7272,0.364
388,2022 General,2022/11/08,48,5987,2022/11/08,13248,0.452
389,2022 General,2022/11/08,49,6901,2022/11/08,16322,0.423
390,2022 General,2022/11/08,50,11268,2022/11/08,19332,0.583
391,2022 General,2022/11/08,51,6630,2022/11/08,15433,0.43
392,2022 General,2022/11/08,52,9592,2022/11/08,18181,0.528
393,2022 General,2022/11/08,53,5677,2022/11/08,13059,0.435
394,2022 General,2022/11/08,54,3533,2022/11/08,9664,0.366
395,2022 General,2022/11/08,55,5340,2022/11/08,13718,0.389
396,2022 General,2022/11/08,56,10171,2022/11/08,22167,0.459
397,2022 General,2022/11/08,57,9079,2022/11/08,17196,0.528
398,2022 General,2022/11/08,58,15677,2022/11/08,29111,0.539
399,2022 General,2022/11/08,59,7454,2022/11/08,15555,0.479
400,2022 General,2022/11/08,60,6050,2022/11/08,13485,0.449
401,2022 General,2022/11/08,61,8243,2022/11/08,17908,0.46
402,2022 General,2022/11/08,62,5740,2022/11/08,16303,0.352
403,2022 General,2022/11/08,63,9493,2022/11/08,15669,0.606
404,2022 General,2022/11/08,64,4129,2022/11/08,9172,0.45
405,2022 General,2022/11/08,65,7238,2022/11/08,14801,0.489
406,2022 General,2022/11/08,66,15794,2022/11/08,28515,0.554
407,2021 Primary,2021/05/18,01,4407,2021/05/11,13234,0.333
408,2021 Primary,2021/05/18,02,6674,2021/05/11,20328,0.328
409,2021 Primary,2021/05/18,03,2702,2021/05/11,13578,0.199
410,2021 Primary,2021/05/18,04,2396,2021/05/11,13593,0.176
411,2021 Primary,2021/05/18,05,8553,2021/05/11,36355,0.235
412,2021 Primary,2021/05/18,06,1813,2021/05/11,10256,0.177
413,2021 Primary,2021/05/18,07,623,2021/05/11,13193,0.047
414,2021 Primary,2021/05/18,08,9067,2021/05/11,33991,0.267
415,2021 Primary,2021/05/18,09,5530,2021/05/11,12508,0.442
416,2021 Primary,2021/05/18,10,4336,2021/05/11,17559,0.247
417,2021 Primary,2021/05/18,11,1550,2021/05/11,9686,0.16
418,2021 Primary,2021/05/18,12,3190,2021/05/11,15483,0.206
419,2021 Primary,2021/05/18,13,2574,2021/05/11,13921,0.185
420,2021 Primary,2021/05/18,14,1340,2021/05/11,6445,0.208
421,2021 Primary,2021/05/18,15,5150,2021/05/11,14399,0.358
422,2021 Primary,2021/05/18,16,1080,2021/05/11,8000,0.135
423,2021 Primary,2021/05/18,17,3290,2021/05/11,15688,0.21
424,2021 Primary,2021/05/18,18,3558,2021/05/11,14668,0.243
425,2021 Primary,2021/05/18,19,742,2021/05/11,9316,0.08
426,2021 Primary,2021/05/18,20,868,2021/05/11,6987,0.124
427,2021 Primary,2021/05/18,21,9585,2021/05/11,34914,0.275
428,2021 Primary,2021/05/18,22,6605,2021/05/11,17497,0.377
429,2021 Primary,2021/05/18,23,1851,2021/05/11,14809,0.125
430,2021 Primary,2021/05/18,24,1705,2021/05/11,11215,0.152
431,2021 Primary,2021/05/18,25,1813,2021/05/11,12812,0.142
432,2021 Primary,2021/05/18,26,3683,2021/05/11,13472,0.273
433,2021 Primary,2021/05/18,27,2333,2021/05/11,18886,0.124
434,2021 Primary,2021/05/18,28,1337,2021/05/11,8165,0.164
435,2021 Primary,2021/05/18,29,2004,2021/05/11,8432,0.238
436,2021 Primary,2021/05/18,30,4174,2021/05/11,15006,0.278
437,2021 Primary,2021/05/18,31,3309,2021/05/11,12660,0.261
438,2021 Primary,2021/05/18,32,1939,2021/05/11,13904,0.139
439,2021 Primary,2021/05/18,33,978,2021/05/11,13790,0.071
440,2021 Primary,2021/05/18,34,6223,2021/05/11,25918,0.24
441,2021 Primary,2021/05/18,35,2779,2021/05/11,19266,0.144
442,2021 Primary,2021/05/18,36,5549,2021/05/11,23544,0.236
443,2021 Primary,2021/05/18,37,1122,2021/05/11,9774,0.115
444,2021 Primary,2021/05/18,38,3262,2021/05/11,13218,0.247
445,2021 Primary,2021/05/18,39,6530,2021/05/11,26507,0.246
446,2021 Primary,2021/05/18,40,4575,2021/05/11,29225,0.157
447,2021 Primary,2021/05/18,41,1721,2021/05/11,13088,0.131
448,2021 Primary,2021/05/18,42,1697,2021/05/11,16936,0.1
449,2021 Primary,2021/05/18,43,1223,2021/05/11,13544,0.09
450,2021 Primary,2021/05/18,44,1760,2021/05/11,9828,0.179
451,2021 Primary,2021/05/18,45,2573,2021/05/11,14834,0.173
452,2021 Primary,2021/05/18,46,4893,2021/05/11,16044,0.305
453,2021 Primary,2021/05/18,47,924,2021/05/11,6837,0.135
454,2021 Primary,2021/05/18,48,2603,2021/05/11,13138,0.198
455,2021 Primary,2021/05/18,49,2927,2021/05/11,16192,0.181
456,2021 Primary,2021/05/18,50,6228,2021/05/11,19405,0.321
457,2021 Primary,2021/05/18,51,2999,2021/05/11,15295,0.196
458,2021 Primary,2021/05/18,52,4711,2021/05/11,17802,0.265
459,2021 Primary,2021/05/18,53,2062,2021/05/11,13234,0.156
460,2021 Primary,2021/05/18,54,1141,2021/05/11,9945,0.115
461,2021 Primary,2021/05/18,55,2232,2021/05/11,14406,0.155
462,2021 Primary,2021/05/18,56,3862,2021/05/11,22466,0.172
463,2021 Primary,2021/05/18,57,4078,2021/05/11,17259,0.236
464,2021 Primary,2021/05/18,58,6382,2021/05/11,29533,0.216
465,2021 Primary,2021/05/18,59,3788,2021/05/11,15453,0.245
466,2021 Primary,2021/05/18,60,2867,2021/05/11,13331,0.215
467,2021 Primary,2021/05/18,61,3399,2021/05/11,18010,0.189
468,2021 Primary,2021/05/18,62,1928,2021/05/11,16365,0.118
469,2021 Primary,2021/05/18,63,4710,2021/05/11,15724,0.3
470,2021 Primary,2021/05/18,64,1885,2021/05/11,9401,0.201
471,2021 Primary,2021/05/18,65,3372,2021/05/11,14802,0.228
472,2021 Primary,2021/05/18,66,7533,2021/05/11,28492,0.264
473,2021 General,2021/11/02,01,4345,2021/11/02,13233,0.328
474,2021 General,2021/11/02,02,6860,2021/11/02,20406,0.336
475,2021 General,2021/11/02,03,2628,2021/11/02,13532,0.194
476,2021 General,2021/11/02,04,2335,2021/11/02,13547,0.172
477,2021 General,2021/11/02,05,9343,2021/11/02,36615,0.255
478,2021 General,2021/11/02,06,1710,2021/11/02,10164,0.168
479,2021 General,2021/11/02,07,774,2021/11/02,13145,0.059
480,2021 General,2021/11/02,08,10134,2021/11/02,34208,0.296
481,2021 General,2021/11/02,09,5506,2021/11/02,12514,0.44
482,2021 General,2021/11/02,10,4317,2021/11/02,17411,0.248
483,2021 General,2021/11/02,11,1490,2021/11/02,9602,0.155
484,2021 General,2021/11/02,12,2946,2021/11/02,15399,0.191
485,2021 General,2021/11/02,13,2598,2021/11/02,13874,0.187
486,2021 General,2021/11/02,14,1280,2021/11/02,6445,0.199
487,2021 General,2021/11/02,15,5195,2021/11/02,14371,0.361
488,2021 General,2021/11/02,16,1028,2021/11/02,7920,0.13
489,2021 General,2021/11/02,17,3244,2021/11/02,15625,0.208
490,2021 General,2021/11/02,18,3500,2021/11/02,14763,0.237
491,2021 General,2021/11/02,19,697,2021/11/02,9251,0.075
492,2021 General,2021/11/02,20,848,2021/11/02,7014,0.121
493,2021 General,2021/11/02,21,10306,2021/11/02,34856,0.296
494,2021 General,2021/11/02,22,6328,2021/11/02,17489,0.362
495,2021 General,2021/11/02,23,1866,2021/11/02,14776,0.126
496,2021 General,2021/11/02,24,1696,2021/11/02,11227,0.151
497,2021 General,2021/11/02,25,1877,2021/11/02,12728,0.147
498,2021 General,2021/11/02,26,4010,2021/11/02,13504,0.297
499,2021 General,2021/11/02,27,2402,2021/11/02,19362,0.124
500,2021 General,2021/11/02,28,1239,2021/11/02,8054,0.154
501,2021 General,2021/11/02,29,1891,2021/11/02,8436,0.224
502,2021 General,2021/11/02,30,4628,2021/11/02,15114,0.306
503,2021 General,2021/11/02,31,3213,2021/11/02,12714,0.253
504,2021 General,2021/11/02,32,1857,2021/11/02,13829,0.134
505,2021 General,2021/11/02,33,954,2021/11/02,13674,0.07
506,2021 General,2021/11/02,34,5760,2021/11/02,25794,0.223
507,2021 General,2021/11/02,35,2797,2021/11/02,19167,0.146
508,2021 General,2021/11/02,36,5341,2021/11/02,23565,0.227
509,2021 General,2021/11/02,37,1143,2021/11/02,9640,0.119
510,2021 General,2021/11/02,38,3272,2021/11/02,13197,0.248
511,2021 General,2021/11/02,39,6567,2021/11/02,26422,0.249
512,2021 General,2021/11/02,40,4565,2021/11/02,29148,0.157
513,2021 General,2021/11/02,41,1754,2021/11/02,12974,0.135
514,2021 General,2021/11/02,42,1679,2021/11/02,16836,0.1
515,2021 General,2021/11/02,43,1239,2021/11/02,13416,0.092
516,2021 General,2021/11/02,44,1605,2021/11/02,9796,0.164
517,2021 General,2021/11/02,45,2905,2021/11/02,14820,0.196
518,2021 General,2021/11/02,46,4555,2021/11/02,15958,0.285
519,2021 General,2021/11/02,47,857,2021/11/02,6784,0.126
520,2021 General,2021/11/02,48,2506,2021/11/02,13097,0.191
521,2021 General,2021/11/02,49,2963,2021/11/02,16129,0.184
522,2021 General,2021/11/02,50,6253,2021/11/02,19290,0.324
523,2021 General,2021/11/02,51,2751,2021/11/02,15244,0.18
524,2021 General,2021/11/02,52,4746,2021/11/02,17735,0.268
525,2021 General,2021/11/02,53,2144,2021/11/02,13067,0.164
526,2021 General,2021/11/02,54,1173,2021/11/02,9849,0.119
527,2021 General,2021/11/02,55,2320,2021/11/02,14166,0.164
528,2021 General,2021/11/02,56,4411,2021/11/02,22216,0.199
529,2021 General,2021/11/02,57,4490,2021/11/02,17191,0.261
530,2021 General,2021/11/02,58,7917,2021/11/02,29205,0.271
531,2021 General,2021/11/02,59,3539,2021/11/02,15356,0.23
532,2021 General,2021/11/02,60,2637,2021/11/02,13203,0.2
533,2021 General,2021/11/02,61,3358,2021/11/02,17865,0.188
534,2021 General,2021/11/02,62,1957,2021/11/02,16229,0.121
535,2021 General,2021/11/02,63,5204,2021/11/02,15590,0.334
536,2021 General,2021/11/02,64,2076,2021/11/02,9259,0.224
537,2021 General,2021/11/02,65,3728,2021/11/02,14684,0.254
538,2021 General,2021/11/02,66,8443,2021/11/02,28372,0.298
539,2020 Special,2020/02/25,04,269,2020/06/02,4675,0.058
540,2020 Special,2020/02/25,06,583,2020/06/02,10279,0.057
541,2020 Special,2020/02/25,24,173,2020/06/02,3525,0.049
542,2020 Special,2020/02/25,38,52,2020/06/02,1217,0.043
543,2020 Special,2020/02/25,44,584,2020/06/02,10020,0.058
544,2020 Special,2020/02/25,52,925,2020/06/02,8479,0.109
545,2020 Special,2020/02/25,60,551,2020/06/02,9646,0.057
546,2020 Primary,2020/06/02,01,5466,2020/06/02,13298,0.411
547,2020 Primary,2020/06/02,02,8910,2020/06/02,20813,0.428
548,2020 Primary,2020/06/02,03,4838,2020/06/02,13872,0.349
549,2020 Primary,2020/06/02,04,4858,2020/06/02,14058,0.346
550,2020 Primary,2020/06/02,05,11963,2020/06/02,36801,0.325
551,2020 Primary,2020/06/02,06,3361,2020/06/02,10279,0.327
552,2020 Primary,2020/06/02,07,1500,2020/06/02,14225,0.105
553,2020 Primary,2020/06/02,08,12288,2020/06/02,34902,0.352
554,2020 Primary,2020/06/02,09,6859,2020/06/02,12852,0.534
555,2020 Primary,2020/06/02,10,7661,2020/06/02,17785,0.431
556,2020 Primary,2020/06/02,11,2678,2020/06/02,10028,0.267
557,2020 Primary,2020/06/02,12,5389,2020/06/02,15744,0.342
558,2020 Primary,2020/06/02,13,4704,2020/06/02,14299,0.329
559,2020 Primary,2020/06/02,14,2262,2020/06/02,6494,0.348
560,2020 Primary,2020/06/02,15,6915,2020/06/02,14888,0.464
561,2020 Primary,2020/06/02,16,2333,2020/06/02,8479,0.275
562,2020 Primary,2020/06/02,17,5872,2020/06/02,16393,0.358
563,2020 Primary,2020/06/02,18,5298,2020/06/02,14331,0.37
564,2020 Primary,2020/06/02,19,1403,2020/06/02,9947,0.141
565,2020 Primary,2020/06/02,20,1723,2020/06/02,8597,0.2
566,2020 Primary,2020/06/02,21,12908,2020/06/02,34394,0.375
567,2020 Primary,2020/06/02,22,9437,2020/06/02,17955,0.526
568,2020 Primary,2020/06/02,23,3533,2020/06/02,15111,0.234
569,2020 Primary,2020/06/02,24,2919,2020/06/02,12468,0.234
570,2020 Primary,2020/06/02,25,2738,2020/06/02,13030,0.21
571,2020 Primary,2020/06/02,26,4231,2020/06/02,13255,0.319
572,2020 Primary,2020/06/02,27,3624,2020/06/02,22342,0.162
573,2020 Primary,2020/06/02,28,2707,2020/06/02,8530,0.317
574,2020 Primary,2020/06/02,29,3088,2020/06/02,8373,0.369
575,2020 Primary,2020/06/02,30,6107,2020/06/02,15359,0.398
576,2020 Primary,2020/06/02,31,4485,2020/06/02,12623,0.355
577,2020 Primary,2020/06/02,32,3860,2020/06/02,15084,0.256
578,2020 Primary,2020/06/02,33,2229,2020/06/02,14450,0.154
579,2020 Primary,2020/06/02,34,10708,2020/06/02,26336,0.407
580,2020 Primary,2020/06/02,35,5955,2020/06/02,19325,0.308
581,2020 Primary,2020/06/02,36,8306,2020/06/02,23498,0.353
582,2020 Primary,2020/06/02,37,2193,2020/06/02,10424,0.21
583,2020 Primary,2020/06/02,38,5002,2020/06/02,13605,0.368
584,2020 Primary,2020/06/02,39,8034,2020/06/02,26485,0.303
585,2020 Primary,2020/06/02,40,9062,2020/06/02,29858,0.304
586,2020 Primary,2020/06/02,41,3199,2020/06/02,13300,0.241
587,2020 Primary,2020/06/02,42,4021,2020/06/02,17415,0.231
588,2020 Primary,2020/06/02,43,2710,2020/06/02,14128,0.192
589,2020 Primary,2020/06/02,44,3215,2020/06/02,10020,0.321
590,2020 Primary,2020/06/02,45,3561,2020/06/02,14923,0.239
591,2020 Primary,2020/06/02,46,7263,2020/06/02,16897,0.43
592,2020 Primary,2020/06/02,47,1702,2020/06/02,7499,0.227
593,2020 Primary,2020/06/02,48,4186,2020/06/02,13396,0.312
594,2020 Primary,2020/06/02,49,5503,2020/06/02,16738,0.329
595,2020 Primary,2020/06/02,50,9689,2020/06/02,19690,0.492
596,2020 Primary,2020/06/02,51,5539,2020/06/02,15647,0.354
597,2020 Primary,2020/06/02,52,7312,2020/06/02,18172,0.402
598,2020 Primary,2020/06/02,53,3875,2020/06/02,13301,0.291
599,2020 Primary,2020/06/02,54,2532,2020/06/02,10055,0.252
600,2020 Primary,2020/06/02,55,3801,2020/06/02,14896,0.255
601,2020 Primary,2020/06/02,56,6116,2020/06/02,22497,0.272
602,2020 Primary,2020/06/02,57,5379,2020/06/02,17148,0.314
603,2020 Primary,2020/06/02,58,8343,2020/06/02,29036,0.287
604,2020 Primary,2020/06/02,59,5974,2020/06/02,15758,0.379
605,2020 Primary,2020/06/02,60,4946,2020/06/02,13739,0.36
606,2020 Primary,2020/06/02,61,6931,2020/06/02,18226,0.38
607,2020 Primary,2020/06/02,62,3902,2020/06/02,16610,0.235
608,2020 Primary,2020/06/02,63,5476,2020/06/02,15574,0.352
609,2020 Primary,2020/06/02,64,2538,2020/06/02,9557,0.266
610,2020 Primary,2020/06/02,65,4404,2020/06/02,14723,0.299
611,2020 Primary,2020/06/02,66,9111,2020/06/02,27909,0.326
612,2020 General,2020/11/03,01,10284,2020/11/03,13992,0.735
613,2020 General,2020/11/03,02,15905,2020/11/03,21755,0.731
614,2020 General,2020/11/03,03,9521,2020/11/03,14362,0.663
615,2020 General,2020/11/03,04,9171,2020/11/03,14420,0.636
616,2020 General,2020/11/03,05,25409,2020/11/03,39645,0.641
617,2020 General,2020/11/03,06,6719,2020/11/03,10860,0.619
618,2020 General,2020/11/03,07,6722,2020/11/03,14585,0.461
619,2020 General,2020/11/03,08,25418,2020/11/03,37879,0.671
620,2020 General,2020/11/03,09,10598,2020/11/03,13234,0.801
621,2020 General,2020/11/03,10,13260,2020/11/03,18495,0.717
622,2020 General,2020/11/03,11,5944,2020/11/03,10355,0.574
623,2020 General,2020/11/03,12,10315,2020/11/03,16429,0.628
624,2020 General,2020/11/03,13,9057,2020/11/03,14809,0.612
625,2020 General,2020/11/03,14,4509,2020/11/03,6913,0.652
626,2020 General,2020/11/03,15,11819,2020/11/03,15598,0.758
627,2020 General,2020/11/03,16,4653,2020/11/03,8685,0.536
628,2020 General,2020/11/03,17,10958,2020/11/03,16800,0.652
629,2020 General,2020/11/03,18,11063,2020/11/03,15544,0.712
630,2020 General,2020/11/03,19,5165,2020/11/03,10235,0.505
631,2020 General,2020/11/03,20,3890,2020/11/03,7935,0.49
632,2020 General,2020/11/03,21,27766,2020/11/03,36850,0.753
633,2020 General,2020/11/03,22,14093,2020/11/03,18502,0.762
634,2020 General,2020/11/03,23,9161,2020/11/03,15813,0.579
635,2020 General,2020/11/03,24,6632,2020/11/03,12482,0.531
636,2020 General,2020/11/03,25,7702,2020/11/03,13749,0.56
637,2020 General,2020/11/03,26,10865,2020/11/03,14154,0.768
638,2020 General,2020/11/03,27,9369,2020/11/03,23473,0.399
639,2020 General,2020/11/03,28,5131,2020/11/03,8852,0.58
640,2020 General,2020/11/03,29,6087,2020/11/03,8948,0.68
641,2020 General,2020/11/03,30,11674,2020/11/03,16389,0.712
642,2020 General,2020/11/03,31,9522,2020/11/03,13518,0.704
643,2020 General,2020/11/03,32,8543,2020/11/03,15221,0.561
644,2020 General,2020/11/03,33,8036,2020/11/03,14958,0.537
645,2020 General,2020/11/03,34,19216,2020/11/03,27333,0.703
646,2020 General,2020/11/03,35,13589,2020/11/03,20408,0.666
647,2020 General,2020/11/03,36,17269,2020/11/03,24926,0.693
648,2020 General,2020/11/03,37,5632,2020/11/03,10716,0.526
649,2020 General,2020/11/03,38,9440,2020/11/03,14168,0.666
650,2020 General,2020/11/03,39,19552,2020/11/03,27977,0.699
651,2020 General,2020/11/03,40,20075,2020/11/03,31144,0.645
652,2020 General,2020/11/03,41,8767,2020/11/03,14018,0.625
653,2020 General,2020/11/03,42,10871,2020/11/03,18152,0.599
654,2020 General,2020/11/03,43,7749,2020/11/03,14648,0.529
655,2020 General,2020/11/03,44,6438,2020/11/03,10386,0.62
656,2020 General,2020/11/03,45,9888,2020/11/03,15801,0.626
657,2020 General,2020/11/03,46,11878,2020/11/03,17520,0.678
658,2020 General,2020/11/03,47,4069,2020/11/03,7698,0.529
659,2020 General,2020/11/03,48,9306,2020/11/03,14058,0.662
660,2020 General,2020/11/03,49,11057,2020/11/03,17376,0.636
661,2020 General,2020/11/03,50,15528,2020/11/03,20322,0.764
662,2020 General,2020/11/03,51,10493,2020/11/03,16265,0.645
663,2020 General,2020/11/03,52,13235,2020/11/03,18957,0.698
664,2020 General,2020/11/03,53,9678,2020/11/03,14004,0.691
665,2020 General,2020/11/03,54,6797,2020/11/03,10686,0.636
666,2020 General,2020/11/03,55,10194,2020/11/03,15501,0.658
667,2020 General,2020/11/03,56,16374,2020/11/03,23750,0.689
668,2020 General,2020/11/03,57,13499,2020/11/03,18118,0.745
669,2020 General,2020/11/03,58,23612,2020/11/03,30970,0.762
670,2020 General,2020/11/03,59,10922,2020/11/03,16413,0.665
671,2020 General,2020/11/03,60,9259,2020/11/03,14258,0.649
672,2020 General,2020/11/03,61,13074,2020/11/03,19172,0.682
673,2020 General,2020/11/03,62,10644,2020/11/03,17521,0.607
674,2020 General,2020/11/03,63,12970,2020/11/03,16313,0.795
675,2020 General,2020/11/03,64,6934,2020/11/03,9999,0.693
676,2020 General,2020/11/03,65,11038,2020/11/03,15612,0.707
677,2020 General,2020/11/03,66,23120,2020/11/03,29679,0.779
678,2019 Primary,2019/05/21,01,4046,2019/05/21,12849,0.315
679,2019 Primary,2019/05/21,02,6340,2019/05/21,20102,0.315
680,2019 Primary,2019/05/21,03,3753,2019/05/21,13617,0.276
681,2019 Primary,2019/05/21,04,3332,2019/05/21,13973,0.238
682,2019 Primary,2019/05/21,05,7504,2019/05/21,34867,0.215
683,2019 Primary,2019/05/21,06,2539,2019/05/21,10082,0.252
684,2019 Primary,2019/05/21,07,1853,2019/05/21,14132,0.131
685,2019 Primary,2019/05/21,08,7996,2019/05/21,32368,0.247
686,2019 Primary,2019/05/21,09,4971,2019/05/21,12584,0.395
687,2019 Primary,2019/05/21,10,5438,2019/05/21,17554,0.31
688,2019 Primary,2019/05/21,11,2145,2019/05/21,9941,0.216
689,2019 Primary,2019/05/21,12,3852,2019/05/21,15458,0.249
690,2019 Primary,2019/05/21,13,3421,2019/05/21,14172,0.241
691,2019 Primary,2019/05/21,14,1538,2019/05/21,6204,0.248
692,2019 Primary,2019/05/21,15,4675,2019/05/21,14399,0.325
693,2019 Primary,2019/05/21,16,1592,2019/05/21,8513,0.187
694,2019 Primary,2019/05/21,17,4257,2019/05/21,16298,0.261
695,2019 Primary,2019/05/21,18,3379,2019/05/21,13438,0.251
696,2019 Primary,2019/05/21,19,1821,2019/05/21,9970,0.183
697,2019 Primary,2019/05/21,20,1093,2019/05/21,8200,0.133
698,2019 Primary,2019/05/21,21,7751,2019/05/21,33056,0.234
699,2019 Primary,2019/05/21,22,6799,2019/05/21,17632,0.386
700,2019 Primary,2019/05/21,23,2523,2019/05/21,14916,0.169
701,2019 Primary,2019/05/21,24,2398,2019/05/21,12118,0.198
702,2019 Primary,2019/05/21,25,1740,2019/05/21,12710,0.137
703,2019 Primary,2019/05/21,26,3546,2019/05/21,12847,0.276
704,2019 Primary,2019/05/21,27,2491,2019/05/21,21275,0.117
705,2019 Primary,2019/05/21,28,1850,2019/05/21,8566,0.216
706,2019 Primary,2019/05/21,29,1914,2019/05/21,7938,0.241
707,2019 Primary,2019/05/21,30,4175,2019/05/21,14785,0.282
708,2019 Primary,2019/05/21,31,2950,2019/05/21,11898,0.248
709,2019 Primary,2019/05/21,32,2755,2019/05/21,14942,0.184
710,2019 Primary,2019/05/21,33,1809,2019/05/21,14134,0.128
711,2019 Primary,2019/05/21,34,7395,2019/05/21,25926,0.285
712,2019 Primary,2019/05/21,35,3192,2019/05/21,18908,0.169
713,2019 Primary,2019/05/21,36,6381,2019/05/21,22595,0.282
714,2019 Primary,2019/05/21,37,1777,2019/05/21,10404,0.171
715,2019 Primary,2019/05/21,38,3359,2019/05/21,13328,0.252
716,2019 Primary,2019/05/21,39,6949,2019/05/21,25742,0.27
717,2019 Primary,2019/05/21,40,6239,2019/05/21,29194,0.214
718,2019 Primary,2019/05/21,41,1863,2019/05/21,12972,0.144
719,2019 Primary,2019/05/21,42,2489,2019/05/21,17113,0.145
720,2019 Primary,2019/05/21,43,2175,2019/05/21,14212,0.153
721,2019 Primary,2019/05/21,44,2336,2019/05/21,9940,0.235
722,2019 Primary,2019/05/21,45,2229,2019/05/21,14586,0.153
723,2019 Primary,2019/05/21,46,5852,2019/05/21,16461,0.356
724,2019 Primary,2019/05/21,47,1057,2019/05/21,7330,0.144
725,2019 Primary,2019/05/21,48,3126,2019/05/21,12941,0.242
726,2019 Primary,2019/05/21,49,3730,2019/05/21,16646,0.224
727,2019 Primary,2019/05/21,50,7099,2019/05/21,19474,0.365
728,2019 Primary,2019/05/21,51,4081,2019/05/21,15269,0.267
729,2019 Primary,2019/05/21,52,5522,2019/05/21,17751,0.311
730,2019 Primary,2019/05/21,53,2213,2019/05/21,13011,0.17
731,2019 Primary,2019/05/21,54,1258,2019/05/21,9918,0.127
732,2019 Primary,2019/05/21,55,2496,2019/05/21,14886,0.168
733,2019 Primary,2019/05/21,56,3991,2019/05/21,22170,0.18
734,2019 Primary,2019/05/21,57,3511,2019/05/21,16838,0.209
735,2019 Primary,2019/05/21,58,5373,2019/05/21,28553,0.188
736,2019 Primary,2019/05/21,59,4109,2019/05/21,15419,0.266
737,2019 Primary,2019/05/21,60,3682,2019/05/21,13494,0.273
738,2019 Primary,2019/05/21,61,3943,2019/05/21,17845,0.221
739,2019 Primary,2019/05/21,62,2400,2019/05/21,16286,0.147
740,2019 Primary,2019/05/21,63,3936,2019/05/21,15369,0.256
741,2019 Primary,2019/05/21,64,1837,2019/05/21,9571,0.192
742,2019 Primary,2019/05/21,65,3067,2019/05/21,14252,0.215
743,2019 Primary,2019/05/21,66,6072,2019/05/21,27272,0.223
744,2019 General,2019/11/05,01,4978,2019/11/05,13097,0.38
745,2019 General,2019/11/05,02,7810,2019/11/05,20425,0.382
746,2019 General,2019/11/05,03,4166,2019/11/05,13722,0.304
747,2019 General,2019/11/05,04,3905,2019/11/05,14010,0.279
748,2019 General,2019/11/05,05,10019,2019/11/05,35664,0.281
749,2019 General,2019/11/05,06,2750,2019/11/05,10170,0.27
750,2019 General,2019/11/05,07,1641,2019/11/05,14171,0.116
751,2019 General,2019/11/05,08,10442,2019/11/05,33455,0.312
752,2019 General,2019/11/05,09,5842,2019/11/05,12687,0.46
753,2019 General,2019/11/05,10,6302,2019/11/05,17669,0.357
754,2019 General,2019/11/05,11,2580,2019/11/05,9984,0.258
755,2019 General,2019/11/05,12,4567,2019/11/05,15589,0.293
756,2019 General,2019/11/05,13,4169,2019/11/05,14269,0.292
757,2019 General,2019/11/05,14,1861,2019/11/05,6341,0.293
758,2019 General,2019/11/05,15,5666,2019/11/05,14578,0.389
759,2019 General,2019/11/05,16,1922,2019/11/05,8489,0.226
760,2019 General,2019/11/05,17,5072,2019/11/05,16369,0.31
761,2019 General,2019/11/05,18,4215,2019/11/05,13782,0.306
762,2019 General,2019/11/05,19,1442,2019/11/05,9968,0.145
763,2019 General,2019/11/05,20,1594,2019/11/05,8666,0.184
764,2019 General,2019/11/05,21,11138,2019/11/05,33555,0.332
765,2019 General,2019/11/05,22,7898,2019/11/05,17771,0.444
766,2019 General,2019/11/05,23,3036,2019/11/05,14946,0.203
767,2019 General,2019/11/05,24,2664,2019/11/05,12294,0.217
768,2019 General,2019/11/05,25,2577,2019/11/05,12835,0.201
769,2019 General,2019/11/05,26,4567,2019/11/05,13015,0.351
770,2019 General,2019/11/05,27,3668,2019/11/05,22021,0.167
771,2019 General,2019/11/05,28,2140,2019/11/05,8557,0.25
772,2019 General,2019/11/05,29,2456,2019/11/05,8165,0.301
773,2019 General,2019/11/05,30,4901,2019/11/05,15037,0.326
774,2019 General,2019/11/05,31,3957,2019/11/05,12117,0.327
775,2019 General,2019/11/05,32,3375,2019/11/05,15143,0.223
776,2019 General,2019/11/05,33,1905,2019/11/05,14323,0.133
777,2019 General,2019/11/05,34,8725,2019/11/05,26149,0.334
778,2019 General,2019/11/05,35,4662,2019/11/05,19128,0.244
779,2019 General,2019/11/05,36,7194,2019/11/05,22941,0.314
780,2019 General,2019/11/05,37,2107,2019/11/05,10412,0.202
781,2019 General,2019/11/05,38,4219,2019/11/05,13429,0.314
782,2019 General,2019/11/05,39,8846,2019/11/05,26006,0.34
783,2019 General,2019/11/05,40,7628,2019/11/05,29469,0.259
784,2019 General,2019/11/05,41,2868,2019/11/05,13034,0.22
785,2019 General,2019/11/05,42,2958,2019/11/05,17266,0.171
786,2019 General,2019/11/05,43,2266,2019/11/05,14156,0.16
787,2019 General,2019/11/05,44,2571,2019/11/05,9989,0.257
788,2019 General,2019/11/05,45,3533,2019/11/05,14722,0.24
789,2019 General,2019/11/05,46,6064,2019/11/05,16559,0.366
790,2019 General,2019/11/05,47,1402,2019/11/05,7442,0.188
791,2019 General,2019/11/05,48,3722,2019/11/05,13052,0.285
792,2019 General,2019/11/05,49,4418,2019/11/05,16642,0.265
793,2019 General,2019/11/05,50,8063,2019/11/05,19546,0.413
794,2019 General,2019/11/05,51,4361,2019/11/05,15414,0.283
795,2019 General,2019/11/05,52,6333,2019/11/05,17951,0.353
796,2019 General,2019/11/05,53,3174,2019/11/05,13144,0.241
797,2019 General,2019/11/05,54,1901,2019/11/05,9987,0.19
798,2019 General,2019/11/05,55,3721,2019/11/05,14813,0.251
799,2019 General,2019/11/05,56,6096,2019/11/05,22236,0.274
800,2019 General,2019/11/05,57,5479,2019/11/05,16941,0.323
801,2019 General,2019/11/05,58,8894,2019/11/05,28728,0.31
802,2019 General,2019/11/05,59,5049,2019/11/05,15613,0.323
803,2019 General,2019/11/05,60,3955,2019/11/05,13560,0.292
804,2019 General,2019/11/05,61,4996,2019/11/05,18038,0.277
805,2019 General,2019/11/05,62,3214,2019/11/05,16440,0.195
806,2019 General,2019/11/05,63,6071,2019/11/05,15424,0.394
807,2019 General,2019/11/05,64,2750,2019/11/05,9548,0.288
808,2019 General,2019/11/05,65,4467,2019/11/05,14416,0.31
809,2019 General,2019/11/05,66,9948,2019/11/05,27509,0.362
810,2018 Primary,2018/05/15,01,3713,2018/05/15,12508,0.297
811,2018 Primary,2018/05/15,02,5044,2018/05/15,19347,0.261
812,2018 Primary,2018/05/15,03,2289,2018/05/15,13406,0.171
813,2018 Primary,2018/05/15,04,2020,2018/05/15,13761,0.147
814,2018 Primary,2018/05/15,05,5977,2018/05/15,34299,0.174
815,2018 Primary,2018/05/15,06,1571,2018/05/15,9831,0.16
816,2018 Primary,2018/05/15,07,666,2018/05/15,14009,0.048
817,2018 Primary,2018/05/15,08,6191,2018/05/15,31168,0.199
818,2018 Primary,2018/05/15,09,4434,2018/05/15,12412,0.357
819,2018 Primary,2018/05/15,10,4028,2018/05/15,17459,0.231
820,2018 Primary,2018/05/15,11,1452,2018/05/15,9937,0.146
821,2018 Primary,2018/05/15,12,2624,2018/05/15,15502,0.169
822,2018 Primary,2018/05/15,13,2253,2018/05/15,14150,0.159
823,2018 Primary,2018/05/15,14,1188,2018/05/15,6010,0.198
824,2018 Primary,2018/05/15,15,3811,2018/05/15,13982,0.273
825,2018 Primary,2018/05/15,16,1081,2018/05/15,8540,0.127
826,2018 Primary,2018/05/15,17,2864,2018/05/15,16241,0.176
827,2018 Primary,2018/05/15,18,2418,2018/05/15,12534,0.193
828,2018 Primary,2018/05/15,19,1001,2018/05/15,9910,0.101
829,2018 Primary,2018/05/15,20,858,2018/05/15,8192,0.105
830,2018 Primary,2018/05/15,21,5675,2018/05/15,32313,0.176
831,2018 Primary,2018/05/15,22,5781,2018/05/15,17380,0.333
832,2018 Primary,2018/05/15,23,1663,2018/05/15,14712,0.113
833,2018 Primary,2018/05/15,24,1531,2018/05/15,11622,0.132
834,2018 Primary,2018/05/15,25,1371,2018/05/15,12548,0.109
835,2018 Primary,2018/05/15,26,2613,2018/05/15,12611,0.207
836,2018 Primary,2018/05/15,27,1783,2018/05/15,20605,0.087
837,2018 Primary,2018/05/15,28,1091,2018/05/15,8582,0.127
838,2018 Primary,2018/05/15,29,1363,2018/05/15,7710,0.177
839,2018 Primary,2018/05/15,30,3125,2018/05/15,14294,0.219
840,2018 Primary,2018/05/15,31,2330,2018/05/15,11308,0.206
841,2018 Primary,2018/05/15,32,1753,2018/05/15,14858,0.118
842,2018 Primary,2018/05/15,33,675,2018/05/15,14027,0.048
843,2018 Primary,2018/05/15,34,4669,2018/05/15,25607,0.182
844,2018 Primary,2018/05/15,35,1980,2018/05/15,18541,0.107
845,2018 Primary,2018/05/15,36,4037,2018/05/15,21803,0.185
846,2018 Primary,2018/05/15,37,1277,2018/05/15,10380,0.123
847,2018 Primary,2018/05/15,38,2383,2018/05/15,13087,0.182
848,2018 Primary,2018/05/15,39,6781,2018/05/15,25250,0.269
849,2018 Primary,2018/05/15,40,4312,2018/05/15,28704,0.15
850,2018 Primary,2018/05/15,41,1226,2018/05/15,12823,0.096
851,2018 Primary,2018/05/15,42,1490,2018/05/15,17032,0.087
852,2018 Primary,2018/05/15,43,1317,2018/05/15,14268,0.092
853,2018 Primary,2018/05/15,44,1405,2018/05/15,9821,0.143
854,2018 Primary,2018/05/15,45,1890,2018/05/15,14333,0.132
855,2018 Primary,2018/05/15,46,4024,2018/05/15,16050,0.251
856,2018 Primary,2018/05/15,47,806,2018/05/15,7123,0.113
857,2018 Primary,2018/05/15,48,1768,2018/05/15,12734,0.139
858,2018 Primary,2018/05/15,49,2404,2018/05/15,16719,0.144
859,2018 Primary,2018/05/15,50,6133,2018/05/15,19409,0.316
860,2018 Primary,2018/05/15,51,2538,2018/05/15,14993,0.169
861,2018 Primary,2018/05/15,52,3972,2018/05/15,17681,0.225
862,2018 Primary,2018/05/15,53,1499,2018/05/15,12841,0.117
863,2018 Primary,2018/05/15,54,705,2018/05/15,9827,0.072
864,2018 Primary,2018/05/15,55,2187,2018/05/15,15018,0.146
865,2018 Primary,2018/05/15,56,2804,2018/05/15,22214,0.126
866,2018 Primary,2018/05/15,57,2416,2018/05/15,16682,0.145
867,2018 Primary,2018/05/15,58,4421,2018/05/15,28395,0.156
868,2018 Primary,2018/05/15,59,2992,2018/05/15,15232,0.196
869,2018 Primary,2018/05/15,60,2266,2018/05/15,13112,0.173
870,2018 Primary,2018/05/15,61,2525,2018/05/15,17752,0.142
871,2018 Primary,2018/05/15,62,1252,2018/05/15,16005,0.078
872,2018 Primary,2018/05/15,63,2849,2018/05/15,15240,0.187
873,2018 Primary,2018/05/15,64,1609,2018/05/15,9761,0.165
874,2018 Primary,2018/05/15,65,2142,2018/05/15,14116,0.152
875,2018 Primary,2018/05/15,66,4518,2018/05/15,27099,0.167
876,2018 General,2018/11/06,01,7856,2018/11/06,12930,0.608
877,2018 General,2018/11/06,02,12951,2018/11/06,20244,0.64
878,2018 General,2018/11/06,03,7673,2018/11/06,13692,0.56
879,2018 General,2018/11/06,04,7372,2018/11/06,13985,0.527
880,2018 General,2018/11/06,05,19511,2018/11/06,36354,0.537
881,2018 General,2018/11/06,06,5250,2018/11/06,10155,0.517
882,2018 General,2018/11/06,07,4407,2018/11/06,14370,0.307
883,2018 General,2018/11/06,08,19286,2018/11/06,33472,0.576
884,2018 General,2018/11/06,09,9125,2018/11/06,12717,0.718
885,2018 General,2018/11/06,10,11143,2018/11/06,17672,0.631
886,2018 General,2018/11/06,11,4760,2018/11/06,10084,0.472
887,2018 General,2018/11/06,12,8161,2018/11/06,15728,0.519
888,2018 General,2018/11/06,13,7468,2018/11/06,14301,0.522
889,2018 General,2018/11/06,14,3424,2018/11/06,6280,0.545
890,2018 General,2018/11/06,15,9813,2018/11/06,14566,0.674
891,2018 General,2018/11/06,16,3825,2018/11/06,8632,0.443
892,2018 General,2018/11/06,17,9165,2018/11/06,16412,0.558
893,2018 General,2018/11/06,18,7807,2018/11/06,13400,0.583
894,2018 General,2018/11/06,19,3657,2018/11/06,10101,0.362
895,2018 General,2018/11/06,20,3734,2018/11/06,8509,0.439
896,2018 General,2018/11/06,21,20531,2018/11/06,33605,0.611
897,2018 General,2018/11/06,22,12158,2018/11/06,17779,0.684
898,2018 General,2018/11/06,23,6406,2018/11/06,15040,0.426
899,2018 General,2018/11/06,24,5860,2018/11/06,12468,0.47
900,2018 General,2018/11/06,25,5108,2018/11/06,12824,0.398
901,2018 General,2018/11/06,26,7081,2018/11/06,12861,0.551
902,2018 General,2018/11/06,27,8412,2018/11/06,22310,0.377
903,2018 General,2018/11/06,28,4085,2018/11/06,8674,0.471
904,2018 General,2018/11/06,29,4534,2018/11/06,8076,0.561
905,2018 General,2018/11/06,30,9438,2018/11/06,14963,0.631
906,2018 General,2018/11/06,31,6853,2018/11/06,11922,0.575
907,2018 General,2018/11/06,32,7018,2018/11/06,15270,0.46
908,2018 General,2018/11/06,33,5237,2018/11/06,14251,0.367
909,2018 General,2018/11/06,34,15701,2018/11/06,26081,0.602
910,2018 General,2018/11/06,35,9733,2018/11/06,18955,0.513
911,2018 General,2018/11/06,36,12656,2018/11/06,22685,0.558
912,2018 General,2018/11/06,37,4256,2018/11/06,10552,0.403
913,2018 General,2018/11/06,38,7742,2018/11/06,13444,0.576
914,2018 General,2018/11/06,39,13772,2018/11/06,25864,0.532
915,2018 General,2018/11/06,40,14993,2018/11/06,29287,0.512
916,2018 General,2018/11/06,41,5689,2018/11/06,13067,0.435
917,2018 General,2018/11/06,42,7421,2018/11/06,17311,0.429
918,2018 General,2018/11/06,43,5422,2018/11/06,14375,0.377
919,2018 General,2018/11/06,44,5003,2018/11/06,9970,0.502
920,2018 General,2018/11/06,45,6506,2018/11/06,14709,0.442
921,2018 General,2018/11/06,46,10118,2018/11/06,16742,0.604
922,2018 General,2018/11/06,47,3362,2018/11/06,7534,0.446
923,2018 General,2018/11/06,48,6736,2018/11/06,13049,0.516
924,2018 General,2018/11/06,49,8711,2018/11/06,16926,0.515
925,2018 General,2018/11/06,50,13191,2018/11/06,19589,0.673
926,2018 General,2018/11/06,51,8132,2018/11/06,15306,0.531
927,2018 General,2018/11/06,52,10726,2018/11/06,18012,0.595
928,2018 General,2018/11/06,53,6835,2018/11/06,13096,0.522
929,2018 General,2018/11/06,54,4406,2018/11/06,10025,0.44
930,2018 General,2018/11/06,55,7249,2018/11/06,15149,0.479
931,2018 General,2018/11/06,56,11384,2018/11/06,22457,0.507
932,2018 General,2018/11/06,57,9214,2018/11/06,16947,0.544
933,2018 General,2018/11/06,58,15973,2018/11/06,28765,0.555
934,2018 General,2018/11/06,59,8784,2018/11/06,15576,0.564
935,2018 General,2018/11/06,60,7330,2018/11/06,13606,0.539
936,2018 General,2018/11/06,61,9915,2018/11/06,18032,0.55
937,2018 General,2018/11/06,62,7193,2018/11/06,16376,0.439
938,2018 General,2018/11/06,63,9665,2018/11/06,15424,0.627
939,2018 General,2018/11/06,64,4938,2018/11/06,9790,0.504
940,2018 General,2018/11/06,65,7589,2018/11/06,14354,0.529
941,2018 General,2018/11/06,66,15670,2018/11/06,27441,0.571
942,2017 Special,2017/03/21,11,384,2017/05/16,5192,0.074
943,2017 Special,2017/03/21,16,155,2017/05/16,2634,0.059
944,2017 Special,2017/03/21,19,820,2017/05/16,9947,0.082
945,2017 Special,2017/03/21,37,143,2017/05/16,2725,0.052
946,2017 Special,2017/03/21,42,414,2017/05/16,7406,0.056
947,2017 Special,2017/03/21,43,755,2017/05/16,14427,0.052
948,2017 Special,2017/03/21,49,42,2017/05/16,624,0.067
949,2017 Primary,2017/05/16,01,3384,2017/05/16,12291,0.275
950,2017 Primary,2017/05/16,02,5438,2017/05/16,19196,0.283
951,2017 Primary,2017/05/16,03,2527,2017/05/16,13509,0.187
952,2017 Primary,2017/05/16,04,2306,2017/05/16,13868,0.166
953,2017 Primary,2017/05/16,05,6617,2017/05/16,33476,0.198
954,2017 Primary,2017/05/16,06,1769,2017/05/16,9894,0.179
955,2017 Primary,2017/05/16,07,712,2017/05/16,14132,0.05
956,2017 Primary,2017/05/16,08,6846,2017/05/16,30677,0.223
957,2017 Primary,2017/05/16,09,4626,2017/05/16,12297,0.376
958,2017 Primary,2017/05/16,10,3992,2017/05/16,17535,0.228
959,2017 Primary,2017/05/16,11,1609,2017/05/16,10034,0.16
960,2017 Primary,2017/05/16,12,2832,2017/05/16,15429,0.184
961,2017 Primary,2017/05/16,13,2532,2017/05/16,14181,0.179
962,2017 Primary,2017/05/16,14,1091,2017/05/16,5967,0.183
963,2017 Primary,2017/05/16,15,4108,2017/05/16,13812,0.297
964,2017 Primary,2017/05/16,16,1165,2017/05/16,8634,0.135
965,2017 Primary,2017/05/16,17,3154,2017/05/16,16343,0.193
966,2017 Primary,2017/05/16,18,2635,2017/05/16,12274,0.215
967,2017 Primary,2017/05/16,19,722,2017/05/16,9947,0.073
968,2017 Primary,2017/05/16,20,805,2017/05/16,8365,0.096
969,2017 Primary,2017/05/16,21,6372,2017/05/16,31999,0.199
970,2017 Primary,2017/05/16,22,5836,2017/05/16,17279,0.338
971,2017 Primary,2017/05/16,23,1543,2017/05/16,14708,0.105
972,2017 Primary,2017/05/16,24,1614,2017/05/16,11662,0.138
973,2017 Primary,2017/05/16,25,1108,2017/05/16,12413,0.089
974,2017 Primary,2017/05/16,26,2286,2017/05/16,12493,0.183
975,2017 Primary,2017/05/16,27,2208,2017/05/16,20532,0.108
976,2017 Primary,2017/05/16,28,1310,2017/05/16,8656,0.151
977,2017 Primary,2017/05/16,29,1509,2017/05/16,7604,0.198
978,2017 Primary,2017/05/16,30,3692,2017/05/16,14301,0.258
979,2017 Primary,2017/05/16,31,2454,2017/05/16,11058,0.222
980,2017 Primary,2017/05/16,32,1960,2017/05/16,15136,0.129
981,2017 Primary,2017/05/16,33,682,2017/05/16,14092,0.048
982,2017 Primary,2017/05/16,34,5375,2017/05/16,25536,0.21
983,2017 Primary,2017/05/16,35,2176,2017/05/16,18503,0.118
984,2017 Primary,2017/05/16,36,4350,2017/05/16,21496,0.202
985,2017 Primary,2017/05/16,37,1119,2017/05/16,10493,0.107
986,2017 Primary,2017/05/16,38,2780,2017/05/16,13059,0.213
987,2017 Primary,2017/05/16,39,5244,2017/05/16,25090,0.209
988,2017 Primary,2017/05/16,40,4030,2017/05/16,28556,0.141
989,2017 Primary,2017/05/16,41,1250,2017/05/16,12733,0.098
990,2017 Primary,2017/05/16,42,1478,2017/05/16,17205,0.086
991,2017 Primary,2017/05/16,43,1275,2017/05/16,14427,0.088
992,2017 Primary,2017/05/16,44,1580,2017/05/16,9842,0.161
993,2017 Primary,2017/05/16,45,1380,2017/05/16,14277,0.097
994,2017 Primary,2017/05/16,46,4840,2017/05/16,15920,0.304
995,2017 Primary,2017/05/16,47,854,2017/05/16,7279,0.117
996,2017 Primary,2017/05/16,48,1860,2017/05/16,12738,0.146
997,2017 Primary,2017/05/16,49,2589,2017/05/16,16752,0.155
998,2017 Primary,2017/05/16,50,5356,2017/05/16,19363,0.277
999,2017 Primary,2017/05/16,51,2642,2017/05/16,15093,0.175
1000,2017 Primary,2017/05/16,52,4108,2017/05/16,17766,0.231
1001,2017 Primary,2017/05/16,53,1574,2017/05/16,12785,0.123
1002,2017 Primary,2017/05/16,54,828,2017/05/16,9953,0.083
1003,2017 Primary,2017/05/16,55,1840,2017/05/16,15392,0.12
1004,2017 Primary,2017/05/16,56,3071,2017/05/16,22354,0.137
1005,2017 Primary,2017/05/16,57,2320,2017/05/16,16813,0.138
1006,2017 Primary,2017/05/16,58,3719,2017/05/16,28573,0.13
1007,2017 Primary,2017/05/16,59,3271,2017/05/16,15356,0.213
1008,2017 Primary,2017/05/16,60,2540,2017/05/16,13016,0.195
1009,2017 Primary,2017/05/16,61,2765,2017/05/16,17748,0.156
1010,2017 Primary,2017/05/16,62,1365,2017/05/16,16057,0.085
1011,2017 Primary,2017/05/16,63,2824,2017/05/16,15226,0.185
1012,2017 Primary,2017/05/16,64,1212,2017/05/16,9906,0.122
1013,2017 Primary,2017/05/16,65,2176,2017/05/16,14033,0.155
1014,2017 Primary,2017/05/16,66,3914,2017/05/16,27026,0.145
1015,2017 General,2017/11/07,01,3721,2017/11/07,12318,0.302
1016,2017 General,2017/11/07,02,5938,2017/11/07,19258,0.308
1017,2017 General,2017/11/07,03,2770,2017/11/07,13448,0.206
1018,2017 General,2017/11/07,04,2540,2017/11/07,13770,0.184
1019,2017 General,2017/11/07,05,7810,2017/11/07,33678,0.232
1020,2017 General,2017/11/07,06,1911,2017/11/07,9814,0.195
1021,2017 General,2017/11/07,07,621,2017/11/07,14012,0.044
1022,2017 General,2017/11/07,08,8142,2017/11/07,30815,0.264
1023,2017 General,2017/11/07,09,5200,2017/11/07,12273,0.424
1024,2017 General,2017/11/07,10,4399,2017/11/07,17445,0.252
1025,2017 General,2017/11/07,11,1619,2017/11/07,9956,0.163
1026,2017 General,2017/11/07,12,3033,2017/11/07,15466,0.196
1027,2017 General,2017/11/07,13,2675,2017/11/07,14178,0.189
1028,2017 General,2017/11/07,14,1224,2017/11/07,5983,0.205
1029,2017 General,2017/11/07,15,4546,2017/11/07,13839,0.328
1030,2017 General,2017/11/07,16,1200,2017/11/07,8580,0.14
1031,2017 General,2017/11/07,17,3406,2017/11/07,16271,0.209
1032,2017 General,2017/11/07,18,2988,2017/11/07,12340,0.242
1033,2017 General,2017/11/07,19,662,2017/11/07,9909,0.067
1034,2017 General,2017/11/07,20,1039,2017/11/07,8360,0.124
1035,2017 General,2017/11/07,21,8268,2017/11/07,31959,0.259
1036,2017 General,2017/11/07,22,6158,2017/11/07,17249,0.357
1037,2017 General,2017/11/07,23,1786,2017/11/07,14630,0.122
1038,2017 General,2017/11/07,24,1849,2017/11/07,11579,0.16
1039,2017 General,2017/11/07,25,1558,2017/11/07,12449,0.125
1040,2017 General,2017/11/07,26,2669,2017/11/07,12491,0.214
1041,2017 General,2017/11/07,27,2935,2017/11/07,20593,0.143
1042,2017 General,2017/11/07,28,1310,2017/11/07,8592,0.152
1043,2017 General,2017/11/07,29,1717,2017/11/07,7642,0.225
1044,2017 General,2017/11/07,30,4032,2017/11/07,14195,0.284
1045,2017 General,2017/11/07,31,2920,2017/11/07,11120,0.263
1046,2017 General,2017/11/07,32,2197,2017/11/07,15007,0.146
1047,2017 General,2017/11/07,33,824,2017/11/07,13978,0.059
1048,2017 General,2017/11/07,34,5918,2017/11/07,25521,0.232
1049,2017 General,2017/11/07,35,2748,2017/11/07,18417,0.149
1050,2017 General,2017/11/07,36,4768,2017/11/07,21590,0.221
1051,2017 General,2017/11/07,37,1270,2017/11/07,10388,0.122
1052,2017 General,2017/11/07,38,3068,2017/11/07,13047,0.235
1053,2017 General,2017/11/07,39,5770,2017/11/07,25065,0.23
1054,2017 General,2017/11/07,40,4566,2017/11/07,28547,0.16
1055,2017 General,2017/11/07,41,1669,2017/11/07,12730,0.131
1056,2017 General,2017/11/07,42,1612,2017/11/07,17031,0.095
1057,2017 General,2017/11/07,43,1236,2017/11/07,14329,0.086
1058,2017 General,2017/11/07,44,1625,2017/11/07,9769,0.166
1059,2017 General,2017/11/07,45,2085,2017/11/07,14225,0.147
1060,2017 General,2017/11/07,46,4945,2017/11/07,15885,0.311
1061,2017 General,2017/11/07,47,908,2017/11/07,7201,0.126
1062,2017 General,2017/11/07,48,2202,2017/11/07,12675,0.174
1063,2017 General,2017/11/07,49,2911,2017/11/07,16708,0.174
1064,2017 General,2017/11/07,50,5960,2017/11/07,19376,0.308
1065,2017 General,2017/11/07,51,3000,2017/11/07,14977,0.2
1066,2017 General,2017/11/07,52,4713,2017/11/07,17670,0.267
1067,2017 General,2017/11/07,53,1896,2017/11/07,12790,0.148
1068,2017 General,2017/11/07,54,1041,2017/11/07,9864,0.106
1069,2017 General,2017/11/07,55,2488,2017/11/07,15120,0.165
1070,2017 General,2017/11/07,56,3902,2017/11/07,22245,0.175
1071,2017 General,2017/11/07,57,3480,2017/11/07,16709,0.208
1072,2017 General,2017/11/07,58,6102,2017/11/07,28399,0.215
1073,2017 General,2017/11/07,59,3472,2017/11/07,15265,0.227
1074,2017 General,2017/11/07,60,2836,2017/11/07,13038,0.218
1075,2017 General,2017/11/07,61,3121,2017/11/07,17670,0.177
1076,2017 General,2017/11/07,62,1717,2017/11/07,15944,0.108
1077,2017 General,2017/11/07,63,4407,2017/11/07,15177,0.29
1078,2017 General,2017/11/07,64,2011,2017/11/07,9814,0.205
1079,2017 General,2017/11/07,65,3080,2017/11/07,14003,0.22
1080,2017 General,2017/11/07,66,6644,2017/11/07,26987,0.246
1081,2016 Special,2016/03/15,04,536,2016/04/26,9209,0.058
1082,2016 Special,2016/03/15,09,1124,2016/04/26,12293,0.091
1083,2016 Special,2016/03/15,22,1729,2016/04/26,17351,0.1
1084,2016 Special,2016/03/15,34,1858,2016/04/26,25359,0.073
1085,2016 Special,2016/03/15,50,1923,2016/04/26,19496,0.099
1086,2016 Special,2016/03/15,52,825,2016/04/26,9759,0.085
1087,2016 Primary,2016/04/26,01,5695,2016/04/26,12219,0.466
1088,2016 Primary,2016/04/26,02,8945,2016/04/26,18677,0.479
1089,2016 Primary,2016/04/26,03,5737,2016/04/26,13420,0.427
1090,2016 Primary,2016/04/26,04,5778,2016/04/26,13860,0.417
1091,2016 Primary,2016/04/26,05,12149,2016/04/26,31358,0.387
1092,2016 Primary,2016/04/26,06,4022,2016/04/26,9840,0.409
1093,2016 Primary,2016/04/26,07,3582,2016/04/26,14288,0.251
1094,2016 Primary,2016/04/26,08,12092,2016/04/26,29608,0.408
1095,2016 Primary,2016/04/26,09,6970,2016/04/26,12293,0.567
1096,2016 Primary,2016/04/26,10,8612,2016/04/26,17680,0.487
1097,2016 Primary,2016/04/26,11,3821,2016/04/26,10055,0.38
1098,2016 Primary,2016/04/26,12,6022,2016/04/26,15512,0.388
1099,2016 Primary,2016/04/26,13,5668,2016/04/26,14152,0.401
1100,2016 Primary,2016/04/26,14,2468,2016/04/26,6081,0.406
1101,2016 Primary,2016/04/26,15,6803,2016/04/26,13759,0.494
1102,2016 Primary,2016/04/26,16,3056,2016/04/26,8890,0.344
1103,2016 Primary,2016/04/26,17,7055,2016/04/26,16267,0.434
1104,2016 Primary,2016/04/26,18,5155,2016/04/26,12094,0.426
1105,2016 Primary,2016/04/26,19,3047,2016/04/26,10335,0.295
1106,2016 Primary,2016/04/26,20,2496,2016/04/26,7909,0.316
1107,2016 Primary,2016/04/26,21,13834,2016/04/26,31365,0.441
1108,2016 Primary,2016/04/26,22,9305,2016/04/26,17351,0.536
1109,2016 Primary,2016/04/26,23,4653,2016/04/26,14633,0.318
1110,2016 Primary,2016/04/26,24,3957,2016/04/26,11186,0.354
1111,2016 Primary,2016/04/26,25,3521,2016/04/26,12223,0.288
1112,2016 Primary,2016/04/26,26,5246,2016/04/26,12433,0.422
1113,2016 Primary,2016/04/26,27,5271,2016/04/26,20768,0.254
1114,2016 Primary,2016/04/26,28,3249,2016/04/26,8840,0.368
1115,2016 Primary,2016/04/26,29,3212,2016/04/26,7931,0.405
1116,2016 Primary,2016/04/26,30,6304,2016/04/26,13976,0.451
1117,2016 Primary,2016/04/26,31,4557,2016/04/26,10899,0.418
1118,2016 Primary,2016/04/26,32,5400,2016/04/26,15176,0.356
1119,2016 Primary,2016/04/26,33,3793,2016/04/26,14027,0.27
1120,2016 Primary,2016/04/26,34,11735,2016/04/26,25359,0.463
1121,2016 Primary,2016/04/26,35,6856,2016/04/26,18213,0.376
1122,2016 Primary,2016/04/26,36,8905,2016/04/26,21351,0.417
1123,2016 Primary,2016/04/26,37,3458,2016/04/26,10687,0.324
1124,2016 Primary,2016/04/26,38,5660,2016/04/26,12785,0.443
1125,2016 Primary,2016/04/26,39,10496,2016/04/26,25181,0.417
1126,2016 Primary,2016/04/26,40,10608,2016/04/26,28469,0.373
1127,2016 Primary,2016/04/26,41,4294,2016/04/26,12672,0.339
1128,2016 Primary,2016/04/26,42,5474,2016/04/26,17241,0.317
1129,2016 Primary,2016/04/26,43,4279,2016/04/26,14564,0.294
1130,2016 Primary,2016/04/26,44,3816,2016/04/26,9820,0.389
1131,2016 Primary,2016/04/26,45,4838,2016/04/26,14259,0.339
1132,2016 Primary,2016/04/26,46,7475,2016/04/26,15953,0.469
1133,2016 Primary,2016/04/26,47,2180,2016/04/26,6938,0.314
1134,2016 Primary,2016/04/26,48,4781,2016/04/26,12732,0.376
1135,2016 Primary,2016/04/26,49,6579,2016/04/26,16897,0.389
1136,2016 Primary,2016/04/26,50,10185,2016/04/26,19496,0.522
1137,2016 Primary,2016/04/26,51,6118,2016/04/26,15182,0.403
1138,2016 Primary,2016/04/26,52,8235,2016/04/26,17753,0.464
1139,2016 Primary,2016/04/26,53,4815,2016/04/26,12571,0.383
1140,2016 Primary,2016/04/26,54,3347,2016/04/26,10034,0.334
1141,2016 Primary,2016/04/26,55,5836,2016/04/26,15712,0.371
1142,2016 Primary,2016/04/26,56,8735,2016/04/26,22234,0.393
1143,2016 Primary,2016/04/26,57,7117,2016/04/26,16612,0.428
1144,2016 Primary,2016/04/26,58,11549,2016/04/26,28396,0.407
1145,2016 Primary,2016/04/26,59,6368,2016/04/26,15208,0.419
1146,2016 Primary,2016/04/26,60,5445,2016/04/26,12866,0.423
1147,2016 Primary,2016/04/26,61,6975,2016/04/26,17719,0.394
1148,2016 Primary,2016/04/26,62,5057,2016/04/26,15808,0.32
1149,2016 Primary,2016/04/26,63,7260,2016/04/26,15191,0.478
1150,2016 Primary,2016/04/26,64,4022,2016/04/26,10085,0.399
1151,2016 Primary,2016/04/26,65,5718,2016/04/26,14121,0.405
1152,2016 Primary,2016/04/26,66,12006,2016/04/26,26855,0.447
1153,2016 General,2016/11/08,01,9079,2016/11/08,13010,0.698
1154,2016 General,2016/11/08,02,14550,2016/11/08,20394,0.713
1155,2016 General,2016/11/08,03,9712,2016/11/08,14254,0.681
1156,2016 General,2016/11/08,04,9910,2016/11/08,14701,0.674
1157,2016 General,2016/11/08,05,21885,2016/11/08,35436,0.618
1158,2016 General,2016/11/08,06,6779,2016/11/08,10527,0.644
1159,2016 General,2016/11/08,07,7991,2016/11/08,15257,0.524
1160,2016 General,2016/11/08,08,21791,2016/11/08,33760,0.645
1161,2016 General,2016/11/08,09,9931,2016/11/08,12865,0.772
1162,2016 General,2016/11/08,10,13356,2016/11/08,18325,0.729
1163,2016 General,2016/11/08,11,6631,2016/11/08,10714,0.619
1164,2016 General,2016/11/08,12,10688,2016/11/08,16514,0.647
1165,2016 General,2016/11/08,13,9750,2016/11/08,14965,0.652
1166,2016 General,2016/11/08,14,4114,2016/11/08,6454,0.637
1167,2016 General,2016/11/08,15,10775,2016/11/08,14908,0.723
1168,2016 General,2016/11/08,16,5494,2016/11/08,9373,0.586
1169,2016 General,2016/11/08,17,11685,2016/11/08,17248,0.677
1170,2016 General,2016/11/08,18,8845,2016/11/08,13194,0.67
1171,2016 General,2016/11/08,19,6100,2016/11/08,10868,0.561
1172,2016 General,2016/11/08,20,5337,2016/11/08,9488,0.563
1173,2016 General,2016/11/08,21,24127,2016/11/08,33874,0.712
1174,2016 General,2016/11/08,22,13609,2016/11/08,18091,0.752
1175,2016 General,2016/11/08,23,9409,2016/11/08,15623,0.602
1176,2016 General,2016/11/08,24,7416,2016/11/08,12869,0.576
1177,2016 General,2016/11/08,25,7526,2016/11/08,13265,0.567
1178,2016 General,2016/11/08,26,9477,2016/11/08,13176,0.719
1179,2016 General,2016/11/08,27,11302,2016/11/08,24697,0.458
1180,2016 General,2016/11/08,28,5686,2016/11/08,9285,0.612
1181,2016 General,2016/11/08,29,5275,2016/11/08,8252,0.639
1182,2016 General,2016/11/08,30,10781,2016/11/08,15443,0.698
1183,2016 General,2016/11/08,31,7715,2016/11/08,11816,0.653
1184,2016 General,2016/11/08,32,9885,2016/11/08,16575,0.596
1185,2016 General,2016/11/08,33,8764,2016/11/08,15058,0.582
1186,2016 General,2016/11/08,34,18986,2016/11/08,26846,0.707
1187,2016 General,2016/11/08,35,13120,2016/11/08,19404,0.676
1188,2016 General,2016/11/08,36,15214,2016/11/08,22822,0.667
1189,2016 General,2016/11/08,37,6473,2016/11/08,11407,0.567
1190,2016 General,2016/11/08,38,9437,2016/11/08,13792,0.684
1191,2016 General,2016/11/08,39,18095,2016/11/08,26721,0.677
1192,2016 General,2016/11/08,40,19784,2016/11/08,30150,0.656
1193,2016 General,2016/11/08,41,8475,2016/11/08,13487,0.628
1194,2016 General,2016/11/08,42,11367,2016/11/08,18307,0.621
1195,2016 General,2016/11/08,43,9119,2016/11/08,15543,0.587
1196,2016 General,2016/11/08,44,6719,2016/11/08,10410,0.645
1197,2016 General,2016/11/08,45,9361,2016/11/08,15234,0.614
1198,2016 General,2016/11/08,46,11585,2016/11/08,17246,0.672
1199,2016 General,2016/11/08,47,4461,2016/11/08,8196,0.544
1200,2016 General,2016/11/08,48,8889,2016/11/08,13571,0.655
1201,2016 General,2016/11/08,49,11499,2016/11/08,17705,0.649
1202,2016 General,2016/11/08,50,15279,2016/11/08,20114,0.76
1203,2016 General,2016/11/08,51,10572,2016/11/08,16040,0.659
1204,2016 General,2016/11/08,52,13066,2016/11/08,19148,0.682
1205,2016 General,2016/11/08,53,9233,2016/11/08,13394,0.689
1206,2016 General,2016/11/08,54,6766,2016/11/08,10623,0.637
1207,2016 General,2016/11/08,55,10964,2016/11/08,16441,0.667
1208,2016 General,2016/11/08,56,16256,2016/11/08,23457,0.693
1209,2016 General,2016/11/08,57,12737,2016/11/08,17545,0.726
1210,2016 General,2016/11/08,58,21713,2016/11/08,29862,0.727
1211,2016 General,2016/11/08,59,10873,2016/11/08,16084,0.676
1212,2016 General,2016/11/08,60,9123,2016/11/08,13806,0.661
1213,2016 General,2016/11/08,61,12938,2016/11/08,18619,0.695
1214,2016 General,2016/11/08,62,10656,2016/11/08,16965,0.628
1215,2016 General,2016/11/08,63,12257,2016/11/08,15862,0.773
1216,2016 General,2016/11/08,64,7289,2016/11/08,10513,0.693
1217,2016 General,2016/11/08,65,10098,2016/11/08,14803,0.682
1218,2016 General,2016/11/08,66,20798,2016/11/08,28166,0.738
1220,2015 Special,2015/08/11,03,1123,2015/05/19,13218,0.085
1222,2015 Special,2015/08/11,15,1132,2015/05/19,12937,0.088
1223,2015 Special,2015/08/11,24,258,2015/05/19,8010,0.032
1226,2015 Special,2015/08/11,28,373,2015/05/19,8876,0.042
1227,2015 Special,2015/08/11,29,703,2015/05/19,7948,0.088
1230,2015 Special,2015/08/11,32,630,2015/05/19,10420,0.06
1232,2015 Special,2015/08/11,40,735,2015/05/19,12622,0.058
1234,2015 Special,2015/08/11,51,89,2015/05/19,2082,0.043
1236,2015 Special,2015/08/11,56,1408,2015/05/19,15197,0.093
1238,2015 Special,2015/08/11,57,1777,2015/05/19,14837,0.12
1240,2015 Special,2015/08/11,58,121,2015/05/19,1125,0.108
1242,2015 Special,2015/08/11,60,121,2015/05/19,1549,0.078
1244,2015 Special,2015/08/11,66,575,2015/05/19,3989,0.144
1245,2015 Special,2015/03/24,58,3670,2015/05/19,22231,0.165
1246,2015 Special,2015/03/24,66,2722,2015/05/19,13812,0.197
1247,2015 Primary,2015/05/19,01,3864,2015/05/19,11321,0.341
1248,2015 Primary,2015/05/19,02,5550,2015/05/19,17538,0.316
1249,2015 Primary,2015/05/19,03,4362,2015/05/19,13218,0.33
1250,2015 Primary,2015/05/19,04,4171,2015/05/19,13758,0.303
1251,2015 Primary,2015/05/19,05,6424,2015/05/19,28678,0.224
1252,2015 Primary,2015/05/19,06,2607,2015/05/19,9553,0.273
1253,2015 Primary,2015/05/19,07,2046,2015/05/19,14088,0.145
1254,2015 Primary,2015/05/19,08,6817,2015/05/19,27342,0.249
1255,2015 Primary,2015/05/19,09,4672,2015/05/19,11890,0.393
1256,2015 Primary,2015/05/19,10,6432,2015/05/19,17501,0.368
1257,2015 Primary,2015/05/19,11,2662,2015/05/19,9950,0.268
1258,2015 Primary,2015/05/19,12,4403,2015/05/19,15197,0.29
1259,2015 Primary,2015/05/19,13,4063,2015/05/19,13984,0.291
1260,2015 Primary,2015/05/19,14,1519,2015/05/19,5805,0.262
1261,2015 Primary,2015/05/19,15,4151,2015/05/19,12937,0.321
1262,2015 Primary,2015/05/19,16,2083,2015/05/19,8801,0.237
1263,2015 Primary,2015/05/19,17,5218,2015/05/19,16051,0.325
1264,2015 Primary,2015/05/19,18,2656,2015/05/19,11148,0.238
1265,2015 Primary,2015/05/19,19,2101,2015/05/19,10213,0.206
1266,2015 Primary,2015/05/19,20,1291,2015/05/19,7837,0.165
1267,2015 Primary,2015/05/19,21,7983,2015/05/19,29738,0.268
1268,2015 Primary,2015/05/19,22,7081,2015/05/19,16962,0.417
1269,2015 Primary,2015/05/19,23,2994,2015/05/19,14311,0.209
1270,2015 Primary,2015/05/19,24,2042,2015/05/19,10678,0.191
1271,2015 Primary,2015/05/19,25,1947,2015/05/19,11793,0.165
1272,2015 Primary,2015/05/19,26,4271,2015/05/19,11865,0.36
1273,2015 Primary,2015/05/19,27,1821,2015/05/19,18648,0.098
1274,2015 Primary,2015/05/19,28,2291,2015/05/19,8876,0.258
1275,2015 Primary,2015/05/19,29,2198,2015/05/19,7948,0.277
1276,2015 Primary,2015/05/19,30,4086,2015/05/19,13070,0.313
1277,2015 Primary,2015/05/19,31,2412,2015/05/19,10112,0.239
1278,2015 Primary,2015/05/19,32,3318,2015/05/19,14756,0.225
1279,2015 Primary,2015/05/19,33,2025,2015/05/19,13585,0.149
1280,2015 Primary,2015/05/19,34,8387,2015/05/19,24883,0.337
1281,2015 Primary,2015/05/19,35,4043,2015/05/19,17662,0.229
1282,2015 Primary,2015/05/19,36,6654,2015/05/19,20259,0.328
1283,2015 Primary,2015/05/19,37,2181,2015/05/19,10506,0.208
1284,2015 Primary,2015/05/19,38,3647,2015/05/19,12402,0.294
1285,2015 Primary,2015/05/19,39,8764,2015/05/19,24040,0.365
1286,2015 Primary,2015/05/19,40,7812,2015/05/19,27715,0.282
1287,2015 Primary,2015/05/19,41,2595,2015/05/19,12297,0.211
1288,2015 Primary,2015/05/19,42,3410,2015/05/19,16738,0.204
1289,2015 Primary,2015/05/19,43,2762,2015/05/19,14344,0.193
1290,2015 Primary,2015/05/19,44,2741,2015/05/19,9629,0.285
1291,2015 Primary,2015/05/19,45,2806,2015/05/19,13730,0.204
1292,2015 Primary,2015/05/19,46,4783,2015/05/19,15043,0.318
1293,2015 Primary,2015/05/19,47,1105,2015/05/19,6506,0.17
1294,2015 Primary,2015/05/19,48,3371,2015/05/19,12141,0.278
1295,2015 Primary,2015/05/19,49,4571,2015/05/19,16711,0.274
1296,2015 Primary,2015/05/19,50,7931,2015/05/19,19295,0.411
1297,2015 Primary,2015/05/19,51,4388,2015/05/19,14893,0.295
1298,2015 Primary,2015/05/19,52,6256,2015/05/19,17613,0.355
1299,2015 Primary,2015/05/19,53,2824,2015/05/19,12165,0.232
1300,2015 Primary,2015/05/19,54,1793,2015/05/19,9732,0.184
1301,2015 Primary,2015/05/19,55,3671,2015/05/19,15273,0.24
1302,2015 Primary,2015/05/19,56,5577,2015/05/19,21508,0.259
1303,2015 Primary,2015/05/19,57,4547,2015/05/19,16084,0.283
1304,2015 Primary,2015/05/19,58,7140,2015/05/19,27680,0.258
1305,2015 Primary,2015/05/19,59,4439,2015/05/19,14899,0.298
1306,2015 Primary,2015/05/19,60,3816,2015/05/19,12475,0.306
1307,2015 Primary,2015/05/19,61,4653,2015/05/19,17335,0.268
1308,2015 Primary,2015/05/19,62,3019,2015/05/19,15369,0.196
1309,2015 Primary,2015/05/19,63,4688,2015/05/19,14747,0.318
1310,2015 Primary,2015/05/19,64,2495,2015/05/19,9824,0.254
1311,2015 Primary,2015/05/19,65,3800,2015/05/19,13769,0.276
1312,2015 Primary,2015/05/19,66,7423,2015/05/19,26066,0.285
1313,2015 General,2015/11/03,01,4145,2015/11/03,11528,0.36
1314,2015 General,2015/11/03,02,5818,2015/11/03,17841,0.326
1315,2015 General,2015/11/03,03,3640,2015/11/03,13225,0.275
1316,2015 General,2015/11/03,04,3558,2015/11/03,13734,0.259
1317,2015 General,2015/11/03,05,7058,2015/11/03,29465,0.24
1318,2015 General,2015/11/03,06,2348,2015/11/03,9622,0.244
1319,2015 General,2015/11/03,07,1421,2015/11/03,14166,0.1
1320,2015 General,2015/11/03,08,7338,2015/11/03,27901,0.263
1321,2015 General,2015/11/03,09,5027,2015/11/03,11964,0.42
1322,2015 General,2015/11/03,10,5809,2015/11/03,17554,0.331
1323,2015 General,2015/11/03,11,2413,2015/11/03,9990,0.242
1324,2015 General,2015/11/03,12,3881,2015/11/03,15259,0.254
1325,2015 General,2015/11/03,13,3643,2015/11/03,14032,0.26
1326,2015 General,2015/11/03,14,1480,2015/11/03,5887,0.251
1327,2015 General,2015/11/03,15,4447,2015/11/03,13171,0.338
1328,2015 General,2015/11/03,16,1752,2015/11/03,8812,0.199
1329,2015 General,2015/11/03,17,4628,2015/11/03,16136,0.287
1330,2015 General,2015/11/03,18,2789,2015/11/03,11407,0.244
1331,2015 General,2015/11/03,19,1464,2015/11/03,10230,0.143
1332,2015 General,2015/11/03,20,1206,2015/11/03,7823,0.154
1333,2015 General,2015/11/03,21,8828,2015/11/03,29932,0.295
1334,2015 General,2015/11/03,22,6881,2015/11/03,17063,0.403
1335,2015 General,2015/11/03,23,2732,2015/11/03,14405,0.19
1336,2015 General,2015/11/03,24,2001,2015/11/03,10672,0.188
1337,2015 General,2015/11/03,25,1994,2015/11/03,11877,0.168
1338,2015 General,2015/11/03,26,4157,2015/11/03,11997,0.347
1339,2015 General,2015/11/03,27,2007,2015/11/03,19034,0.105
1340,2015 General,2015/11/03,28,2049,2015/11/03,8838,0.232
1341,2015 General,2015/11/03,29,1931,2015/11/03,7902,0.244
1342,2015 General,2015/11/03,30,3689,2015/11/03,13260,0.278
1343,2015 General,2015/11/03,31,2673,2015/11/03,10272,0.26
1344,2015 General,2015/11/03,32,3017,2015/11/03,14808,0.204
1345,2015 General,2015/11/03,33,1553,2015/11/03,13743,0.113
1346,2015 General,2015/11/03,34,7577,2015/11/03,25038,0.303
1347,2015 General,2015/11/03,35,3949,2015/11/03,17903,0.221
1348,2015 General,2015/11/03,36,5389,2015/11/03,20534,0.262
1349,2015 General,2015/11/03,37,1927,2015/11/03,10546,0.183
1350,2015 General,2015/11/03,38,3557,2015/11/03,12452,0.286
1351,2015 General,2015/11/03,39,8477,2015/11/03,24363,0.348
1352,2015 General,2015/11/03,40,6223,2015/11/03,27943,0.223
1353,2015 General,2015/11/03,41,2488,2015/11/03,12357,0.201
1354,2015 General,2015/11/03,42,2813,2015/11/03,16924,0.166
1355,2015 General,2015/11/03,43,2125,2015/11/03,14428,0.147
1356,2015 General,2015/11/03,44,2419,2015/11/03,9720,0.249
1357,2015 General,2015/11/03,45,2907,2015/11/03,13809,0.211
1358,2015 General,2015/11/03,46,4659,2015/11/03,15217,0.306
1359,2015 General,2015/11/03,47,1034,2015/11/03,6539,0.158
1360,2015 General,2015/11/03,48,2833,2015/11/03,12276,0.231
1361,2015 General,2015/11/03,49,4157,2015/11/03,16751,0.248
1362,2015 General,2015/11/03,50,7367,2015/11/03,19341,0.381
1363,2015 General,2015/11/03,51,3675,2015/11/03,14931,0.246
1364,2015 General,2015/11/03,52,5694,2015/11/03,17589,0.324
1365,2015 General,2015/11/03,53,2694,2015/11/03,12248,0.22
1366,2015 General,2015/11/03,54,1637,2015/11/03,9825,0.167
1367,2015 General,2015/11/03,55,3847,2015/11/03,15326,0.251
1368,2015 General,2015/11/03,56,5853,2015/11/03,21756,0.269
1369,2015 General,2015/11/03,57,4838,2015/11/03,16186,0.299
1370,2015 General,2015/11/03,58,7700,2015/11/03,27871,0.276
1371,2015 General,2015/11/03,59,4163,2015/11/03,14971,0.278
1372,2015 General,2015/11/03,60,3357,2015/11/03,12496,0.269
1373,2015 General,2015/11/03,61,4280,2015/11/03,17408,0.246
1374,2015 General,2015/11/03,62,2725,2015/11/03,15474,0.176
1375,2015 General,2015/11/03,63,5373,2015/11/03,14834,0.362
1376,2015 General,2015/11/03,64,2858,2015/11/03,9900,0.289
1377,2015 General,2015/11/03,65,3984,2015/11/03,13858,0.287
1378,2015 General,2015/11/03,66,8282,2015/11/03,26113,0.317
